coreid,abcd:typifiedName,aec:associatedTaxa,ala:photographer,ala:species,ala:subfamily,ala:subspecies,ala:superfamily,chrono:ChronometricAge,dc:language,dc:rights,dc:type,dcterms:accessRights,dcterms:bibliographicCitation,dcterms:language,dcterms:license,dcterms:modified,dcterms:references,dcterms:rights,dcterms:rightsHolder,dcterms:source,dcterms:type,dwc:Identification,dwc:MeasurementOrFact,dwc:ResourceRelationship,dwc:VerbatimEventDate,dwc:acceptedNameUsage,dwc:accessRights,dwc:associatedMedia,dwc:associatedOccurrences,dwc:associatedOrganisms,dwc:associatedReferences,dwc:associatedSequences,dwc:associatedTaxa,dwc:basisOfRecord,dwc:bed,dwc:behavior,dwc:catalogNumber,dwc:class,dwc:classs,dwc:collectionCode,dwc:collectionID,dwc:continent,dwc:coordinatePrecision,dwc:coordinateUncertaintyInMeters,dwc:country,dwc:countryCode,dwc:county,dwc:dataGeneralizations,dwc:datasetID,dwc:datasetName,dwc:dateIdentified,dwc:day,dwc:decimalLatitude,dwc:decimalLongitude,dwc:disposition,dwc:dynamicProperties,dwc:earliestAgeOrLowestStage,dwc:earliestEonOrLowestEonothem,dwc:earliestEpochOrLowestSeries,dwc:earliestEraOrLowestErathem,dwc:earliestPeriodOrLowestSystem,dwc:endDayOfYear,dwc:establishmentMeans,dwc:eventDate,dwc:eventID,dwc:eventRemarks,dwc:eventTime,dwc:family,dwc:fieldNotes,dwc:fieldNumber,dwc:footprintSRS,dwc:footprintSpatialFit,dwc:footprintWKT,dwc:formation,dwc:genericName,dwc:genus,dwc:geodeticDatum,dwc:geologicalContextID,dwc:georeferenceProtocol,dwc:georeferenceRemarks,dwc:georeferenceSources,dwc:georeferenceVerificationStatus,dwc:georeferencedBy,dwc:georeferencedDate,dwc:group,dwc:habitat,dwc:higherClassification,dwc:higherGeography,dwc:higherGeographyID,dwc:highestBiostratigraphicZone,dwc:identificationID,dwc:identificationQualifier,dwc:identificationReferences,dwc:identificationRemarks,dwc:identificationVerificationStatus,dwc:identifiedBy,dwc:identifiedByID,dwc:individualCount,dwc:informationWithheld,dwc:infraspecificEpithet,dwc:institutionCode,dwc:institutionID,dwc:island,dwc:islandGroup,dwc:kingdom,dwc:language,dwc:latestAgeOrHighestStage,dwc:latestEonOrHighestEonothem,dwc:latestEpochOrHighestSeries,dwc:latestEraOrHighestErathem,dwc:latestPeriodOrHighestSystem,dwc:lifeStage,dwc:lithostratigraphicTerms,dwc:locality,dwc:locationAccordingTo,dwc:locationID,dwc:locationRemarks,dwc:lowestBiostratigraphicZone,dwc:materialSampleID,dwc:maximumDepthInMeters,dwc:maximumElevationInMeters,dwc:member,dwc:minimumDepthInMeters,dwc:minimumElevationInMeters,dwc:modified,dwc:month,dwc:municipality,dwc:nameAccordingTo,dwc:namePublishedIn,dwc:namePublishedInID,dwc:namePublishedInYear,dwc:nomenclaturalCode,dwc:nomenclaturalStatus,dwc:occurrenceDetails,dwc:occurrenceID,dwc:occurrenceRemarks,dwc:occurrenceStatus,dwc:order,dwc:organismID,dwc:organismName,dwc:organismQuantity,dwc:organismQuantityType,dwc:organismRemarks,dwc:originalNameUsage,dwc:otherCatalogNumbers,dwc:ownerInstitutionCode,dwc:parentNameUsage,dwc:phylum,dwc:pointRadiusSpatialFit,dwc:preparations,dwc:previousIdentifications,dwc:recordNumber,dwc:recordedBy,dwc:recordedByID,dwc:relatedResourceID,dwc:relationshipOfResource,dwc:relationshipRemarks,dwc:reproductiveCondition,dwc:rights,dwc:rightsHolder,dwc:sampleSizeValue,dwc:samplingEffort,dwc:samplingProtocol,dwc:scientificName,dwc:scientificNameAuthorship,dwc:scientificNameID,dwc:sex,dwc:specificEpithet,dwc:startDayOfYear,dwc:stateProvince,dwc:subgenus,dwc:taxonConceptID,dwc:taxonID,dwc:taxonRank,dwc:taxonRemarks,dwc:taxonomicStatus,dwc:typeStatus,dwc:verbatimCoordinateSystem,dwc:verbatimCoordinates,dwc:verbatimDepth,dwc:verbatimElevation,dwc:verbatimEventDate,dwc:verbatimIdentification,dwc:verbatimLatitude,dwc:verbatimLocality,dwc:verbatimLongitude,dwc:verbatimSRS,dwc:verbatimTaxonRank,dwc:vernacularName,dwc:waterBody,dwc:year,flag_encoding_error,gbif:Identifier,gbif:Reference,gbif:identifiedByID,gbif:recordedByID,idigbio:recordId,obis:ExtendedMeasurementOrFact,symbiota:recordEnteredBy,symbiota:recordID,symbiota:verbatimScientificName,taxonRankID,zan:ChronometricDate
905e4276-c624-4fff-86b5-83ded35dbcb1,,,,,,,,,,,,,,en,,,,,,,PhysicalObject,,,"[{""coreid"": ""B5D02F38-1EE4-474E-9A8D-159CA204F770"", ""dwc:relatedResourceID"": ""urn:catalog:USF:Herb:158717"", ""dwc:relationshipOfResource"": ""sameAs""}]",,,,,,,,,,PreservedSpecimen,,,158717,,,Herb,,,,,USA,,Holmes Co.,,,,Mar 1986,28,30.6167,-86.1667,,,,,,,,,,1981-09-28,,,,Poaceae,,,,,,,,Sorghastrum,,,,,,,,,,Upland forest on a slope.,Plantae | Monocots | Poaceae,USA | Florida | Holmes Co.,,,70411,,,,,S. L. Hatch,,,,,USF,urn:lsid:biocol.org:col:15638,,,Plantae,,,,,,,,,"Along US 90, ca. 5 mi. W of Ponce de Leon; 2 mi. E of the Walton County line. T3N, R18W, Sec. 36, NW¼ of NW¼.",,,,,,,,,,,,9,,,,,,ICN,,,B5D02F38-1EE4-474E-9A8D-159CA204F770,,,,,,,,,,,,,Monocots,,,,8910,B. F. Hansen,,,,,Fertile,,,,,,Sorghastrum secundum,(Elliott) Nash,,,secundum,,Florida,,,,species,,,,,,,,,,,"Along US 90, ca. 5 mi. W of Ponce de Leon; 2 mi. E of the Walton County line. T3N, R18W, Sec. 36, NW¼ of NW¼.",,,,,,1981,,,,,,,,,,,,
e74ea94b-3b84-45e6-ab9e-d903d1d6ebbe,,,,,,,,,,,,,,en,,,,,,,PhysicalObject,,,"[{""coreid"": ""9D876F56-8A8B-4C79-9C7F-E8A9518DFFBF"", ""dwc:relatedResourceID"": ""urn:catalog:USF:Herb:119724"", ""dwc:relationshipOfResource"": ""sameAs""}]",,,,,,,,,,PreservedSpecimen,,,119724,,,Herb,,,,,USA,,Brevard Co.,,,,Mar 1986,24,,,,,,,,,,,,1972-09-24,,,,Poaceae,,,,,,,,Sorghastrum,,,,,,,,,,"Ruderal, roadside; full sun; sandy soil.",Plantae | Monocots | Poaceae,USA | Florida | Brevard Co.,,,70437,,,,,S. L. Hatch,,,,,USF,urn:lsid:biocol.org:col:15638,,,Plantae,,,,,,,,,"North Merritt Island on Happy Creek Road. T21S, R36E, Sec. 36, S½.",,,,,,,,,,,,9,,,,,,ICN,,,9D876F56-8A8B-4C79-9C7F-E8A9518DFFBF,,,,,,,,,,,,,Monocots,,,,M0220,A.G. Shuey,,,,,Fertile,,,,,,Sorghastrum secundum,(Elliott) Nash,,,secundum,,Florida,,,,species,,,,,,,,,,,"North Merritt Island on Happy Creek Road. T21S, R36E, Sec. 36, S½.",,,,,,1972,,,,,,,,,,,,
3e2a8214-e667-4d38-9189-593b88d68036,,,,,,,,,,,,,,en,,,,,,,PhysicalObject,,,"[{""coreid"": ""660C10EB-A5A9-4F7C-BDD5-F3A788151513"", ""dwc:relatedResourceID"": ""urn:catalog:USF:Herb:259420"", ""dwc:relationshipOfResource"": ""sameAs""}]",,,,,,,,,,PreservedSpecimen,,,259420,,,Herb,,,,,USA,,Martin Co.,,,,,,27.75,-82.1333,,,,,,,,,,1988-07,,,,Poaceae,,,,,,,,Sorghastrum,,,,,,,,,,Pine flatwoods.,Plantae | Monocots | Poaceae,USA | Florida | Martin Co.,,,98707,,,,,,,,,,USF,urn:lsid:biocol.org:col:15638,,,Plantae,,,,,,,,,"Jonathan Dickinson State Park, E of picnic area.",,,,,,,,,,,,7,Jonathan Dickinson State Park,,,,,ICN,,,660C10EB-A5A9-4F7C-BDD5-F3A788151513,,,,,,,,,,,,,Monocots,,,,s.n.,"R. O. Woodbury, R. Roberts",,,,,Fertile,,,,,,Sorghastrum secundum,(Elliott) Nash,,,secundum,,Florida,,,,species,,,,,,,,,,,E of picnic area.,,,,,,1988,,,,,,,,,,,,
8fa84916-76c0-41b4-bbe5-7986d49dc9c2,,,,,,,,,,,,,,en,,,,,,,PhysicalObject,,,"[{""coreid"": ""A048C797-8BB8-44E1-B0DC-4ED5AB08B535"", ""dwc:relatedResourceID"": ""urn:catalog:USF:Herb:221208"", ""dwc:relationshipOfResource"": ""sameAs""}]",,,,,,,,,,PreservedSpecimen,,,221208,,,Herb,,,,,USA,,Hillsborough Co.,,,,,02,28.1511,-82.4615,,,,,,,,,,1994-10-02,,,,Poaceae,,,,,,,,Sorghastrum,,,,,,,,,,Pine flatwoods.,Plantae | Monocots | Poaceae,USA | Florida | Hillsborough Co.,,,70484,,,,,,,,,,USF,urn:lsid:biocol.org:col:15638,,,Plantae,,,,,,,,,"Flatwoods [County] Park, 2.5 mi. (sld) NW of Morris Bridge; ca. 7 mi. E of Lutz. T27S, R20E, Sec. 19, NE¼.",,,,,,,,,,,,10,Flatwoods [County] Park,,,,,ICN,,,A048C797-8BB8-44E1-B0DC-4ED5AB08B535,,,,,,,,,,,,,Monocots,,,,10585,R. P. Wunderlin,,,,,Fertile,,,,,,Sorghastrum secundum,(Elliott) Nash,,,secundum,,Florida,,,,species,,,,,,,,,,,"2.5 mi. (sld) NW of Morris Bridge; ca. 7 mi. E of Lutz. T27S, R20E, Sec. 19, NE¼.",,,,,,1994,,,,,,,,,,,,
36a9a650-07d6-49c6-a75b-0c1d8681e84e,,,,,,,,,,,,,,en,,,,,,,PhysicalObject,,,"[{""coreid"": ""CF33C4B3-E486-4C12-B82E-99663134EF95"", ""dwc:relatedResourceID"": ""urn:catalog:USF:Herb:134559"", ""dwc:relationshipOfResource"": ""sameAs""}]",,,,,,,,,,PreservedSpecimen,,,134559,,,Herb,,,,,USA,,Hillsborough Co.,,,,Mar 1986,27,28.1254,-82.4368,,,,,,,,,,1977-09-27,,,,Poaceae,,,,,,,,Sorghastrum,,,,,,,,,,Pine flatwoods.,Plantae | Monocots | Poaceae,USA | Florida | Hillsborough Co.,,,70500,,,,,S. L. Hatch,,,,,USF,urn:lsid:biocol.org:col:15638,,,Plantae,,,,,,,,,"Off Livingston Avenue, N of Clements Road.",,,,,,,,,,,,9,,,,,,ICN,,,CF33C4B3-E486-4C12-B82E-99663134EF95,,,,,,,,,,,,,Monocots,,,,160,S. Mortellaro,,,,,Fertile,,,,,,Sorghastrum secundum,(Elliott) Nash,,,secundum,,Florida,,,,species,,,,,,,,,,,"Off Livingston Avenue, N of Clements Road.",,,,,,1977,,,,,,,,,,,,
01f06dc4-3728-41c8-8633-4db45b7eb4e4,,,,,,,,,,,,,,en,,,,,,,PhysicalObject,,,"[{""coreid"": ""14EFAFAC-917D-4832-A061-C8571308DA74"", ""dwc:relatedResourceID"": ""urn:catalog:USF:Herb:14923"", ""dwc:relationshipOfResource"": ""sameAs""}]",,,,,,,,,,PreservedSpecimen,,,14923,,,Herb,,,,,USA,,Hernando Co.,,,,Mar 1986,14,28.5553,-82.3879,,"{""habit"":""Common; inflorescence nodding, secund.""}",,,,,,,,1959-10-14,,,,Poaceae,,,,,,,,Sorghastrum,,,,,,,,,,Grassy roadside with open pine overstory.,Plantae | Monocots | Poaceae,USA | Florida | Hernando Co.,,,70401,,,,,S. L. Hatch,,,,,USF,urn:lsid:biocol.org:col:15638,,,Plantae,,,,,,,,,"Along US 41, 4 mi. N of Brooksville.",,,,,,,,,,,,10,,,,,,ICN,,,14EFAFAC-917D-4832-A061-C8571308DA74,,,,,,,,,,,,,Monocots,,,,9487,"J. D. Ray, Jr.",,,,,Fertile,,,,,,Sorghastrum secundum,(Elliott) Nash,,,secundum,,Florida,,,,species,,,,,,,,,,,"Along US 41, 4 mi. N of Brooksville.",,,,,,1959,,,,,,,,,,,,
437eb0f2-05d0-4a51-bc84-a4c3765d4222,,,,,,,,,,,,,,en,,,,,,,PhysicalObject,,,"[{""coreid"": ""C7963320-6BAB-42B1-A27D-90FEA7535F66"", ""dwc:relatedResourceID"": ""urn:catalog:USF:Herb:134549"", ""dwc:relationshipOfResource"": ""sameAs""}]",,,,,,,,,,PreservedSpecimen,,,134549,,,Herb,,,,,USA,,Hillsborough Co.,,,,Mar 1986,29,28,-82,,,,,,,,,,1977-10-29,,,,Poaceae,,,,,,,,Sorghastrum,,,,,,,,,,Pinelands.,Plantae | Monocots | Poaceae,USA | Florida | Hillsborough Co.,,,70502,,,,,S. L. Hatch,,,,,USF,urn:lsid:biocol.org:col:15638,,,Plantae,,,,,,,,,"University of South Florida Ecological Research Area, Near the gate.",,,,,,,,,,,,10,University of South Florida Ecological Research Area,,,,,ICN,,,C7963320-6BAB-42B1-A27D-90FEA7535F66,,,,,,,,,,,,,Monocots,,,,9,G. Winkler,,,,,Fertile,,,,,,Sorghastrum secundum,(Elliott) Nash,,,secundum,,Florida,,,,species,,,,,,,,,,,Near the gate.,,,,,,1977,,,,,,,,,,,,
13322b16-0b9a-49ce-8bfe-c827ea2b6766,,,,,,,,,,,,,,en,,,,,,,PhysicalObject,,,"[{""coreid"": ""E7AA8EB9-617E-403F-A057-990FA7B006D2"", ""dwc:relatedResourceID"": ""urn:catalog:USF:Herb:290049"", ""dwc:relationshipOfResource"": ""sameAs""}]",,,,,,,,,,PreservedSpecimen,,,290049,,,Herb,,,,,USA,,Collier Co.,,,,,30,26.2109,-81.8068,,,,,,,,,,1990-09-30,,,,Poaceae,,,,,,,,Sorghastrum,,,,,,,,,,Disturbed scrub.,Plantae | Monocots | Poaceae,USA | Florida | Collier Co.,,,237560,,,,,J. N. Burch,,,,,USF,urn:lsid:biocol.org:col:15638,,,Plantae,,,,,,,,,"Marco Island, S of Marco Lake Drive.  T52S, R25E, Sec. 16.",,,,,,,,,,,,9,,,,,,ICN,,,E7AA8EB9-617E-403F-A057-990FA7B006D2,,,,,,,,,,,,,Monocots,,,,23,J. N. Burch,,,,,Fertile,,,,,,Sorghastrum secundum,(Elliott) Nash,,,secundum,,Florida,,,,species,,,,,,,,,,,"Marco Island, S of Marco Lake Drive.  T52S, R25E, Sec. 16.",,,,,,1990,,,,,,,,,,,,
a22090f4-a59a-4648-92ed-cb4fb02b1093,,,,,,,,,,,,,,en,,,,,,,PhysicalObject,,,"[{""coreid"": ""850B9D49-DF89-42C5-993D-1C0D76663905"", ""dwc:relatedResourceID"": ""urn:catalog:USF:Herb:42932"", ""dwc:relationshipOfResource"": ""sameAs""}]",,,,,,,,,,PreservedSpecimen,,,42932,,,Herb,,,,,USA,,St. Johns Co.,,,,Mar 1986,18,29.718,-81.5081,,"{""habit"":""1.5 m tall; frequent.""}",,,,,,,,1960-10-18,,,,Poaceae,,,,,,,,Sorghastrum,,,,,,,,,,In moist soil.,Plantae | Monocots | Poaceae,USA | Florida | St. Johns Co.,,,70422,,,,,S. L. Hatch,,,,,USF,urn:lsid:biocol.org:col:15638,,,Plantae,,,,,,,,,"Between road and the rail road on the N side of Hastings. T9S, R28E, Sec. 8.",,,,,,,,,,,,10,,,,,,ICN,,,850B9D49-DF89-42C5-993D-1C0D76663905,,,,,,,,,,,,,Monocots,,,,2304,"D. B. Ward, S.S. Ward",,,,,Fertile,,,,,,Sorghastrum secundum,(Elliott) Nash,,,secundum,,Florida,,,,species,,,,,,,,,,,"Between road and the rail road on the N side of Hastings. T9S, R28E, Sec. 8.",,,,,,1960,,,,,,,,,,,,
03bf54e6-2cef-4d7d-bff1-5d4b9356c023,,,,,,,,,,,,,,en,,,,,,,PhysicalObject,,,"[{""coreid"": ""D747D0F5-B89D-49E0-A3F6-D72B18C19044"", ""dwc:relatedResourceID"": ""urn:catalog:USF:Herb:249169"", ""dwc:relationshipOfResource"": ""sameAs""}]",,,,,,,,,,PreservedSpecimen,,,249169,,,Herb,,,,,USA,,DeSoto Co.,,,,,29,27.0333,-82,,,,,,,,,,2008-09-29,,,,Poaceae,,,,,,,,Sorghastrum,,,,,,,,,,Mesic flatwoods trail.,Plantae | Monocots | Poaceae,USA | Florida | DeSoto Co.,,,70442,,,,,,,,,,USF,urn:lsid:biocol.org:col:15638,,,Plantae,,,,,,,,,"Deep Creek Preserve, Along a trail in ca. 900 ha on the W side of the Peace River, ca. 4.5 km NE of the I-75 and Kings Highway (C-769) junction.",,,,,,,,,,,,9,Deep Creek Preserve,,,,,ICN,,,D747D0F5-B89D-49E0-A3F6-D72B18C19044,,,,,,,,,,,,,Monocots,,,,1002,A. R. Franck,,,,,Fertile,,,,,,Sorghastrum secundum,(Elliott) Nash,,,secundum,,Florida,,,,species,,,,,,,,,,,"Along a trail in ca. 900 ha on the W side of the Peace River, ca. 4.5 km NE of the I-75 and Kings Highway (C-769) junction.",,,,,,2008,,,,,,,,,,,,
ce0e39b1-322b-4695-8a69-7038bba8a232,,,,,,,,,,,,,,en,,,,,,,PhysicalObject,,,"[{""coreid"": ""98903F57-35E0-4FFB-8166-6EBA13523BF5"", ""dwc:relatedResourceID"": ""urn:catalog:USF:Herb:113325"", ""dwc:relationshipOfResource"": ""sameAs""}]",,,,,,,,,,PreservedSpecimen,,,113325,,,Herb,,,,,USA,,Hillsborough Co.,,,,Mar 1986,02,28,-82,,,,,,,,,,1974-10-02,,,,Poaceae,,,,,,,,Sorghastrum,,,,,,,,,,Growing in disturbed sandhill vegetation.,Plantae | Monocots | Poaceae,USA | Florida | Hillsborough Co.,,,70496,,,,,S. L. Hatch,,,,,USF,urn:lsid:biocol.org:col:15638,,,Plantae,,,,,,,,,"Near the intersection of 30th Street [Bruce B. Downs Boulevard] and Skipper Road, N of the University of South Florida.",,,,,,,,,,,,10,,,,,,ICN,,,98903F57-35E0-4FFB-8166-6EBA13523BF5,,,,,,,,,,,,,Monocots,,,,s.n.,"R. A. Hilsenbeck, J.E. Poppleton",,,,,Fertile,,,,,,Sorghastrum secundum,(Elliott) Nash,,,secundum,,Florida,,,,species,,,,,,,,,,,"Near the intersection of 30th Street [Bruce B. Downs Boulevard] and Skipper Road, N of the University of South Florida.",,,,,,1974,,,,,,,,,,,,
440b64f3-a3b6-4275-a261-cd0270ead6cd,,,,,,,,,,,,,,en,,,,,,,PhysicalObject,,,"[{""coreid"": ""B18B79EA-4B68-4F34-8605-24CD4520CB4C"", ""dwc:relatedResourceID"": ""urn:catalog:USF:Herb:279652"", ""dwc:relationshipOfResource"": ""sameAs""}]",,,,,,,,,,PreservedSpecimen,,,279652,,,Herb,,,,,USA,,Hillsborough Co.,,,,,15,28.0703,-82.3886,,"{""habit"":""Grass with leaves and inflorescence ca. 50 cm and 160 cm tall, respectively.""}",,,,,,,,2001-10-15,,,,Poaceae,,,,,,,,Sorghastrum,,,,,,,,,,"Sandhill, with longleaf pine [Pinus palustris], turkey oak [Quercus laevis], and wiregrass [Aristida stricta var. beyrichiana].",Plantae | Monocots | Poaceae,USA | Florida | Hillsborough Co.,,,170920,,,,,,,,,,USF,urn:lsid:biocol.org:col:15638,,,Plantae,,,,,,,,,"University of South Florida Ecological Research Area, Ca. 0.51 km ENE of the junction of Fletcher Avenue (C-582A) and 56th Street (FL 583); WNW of E gate ca. 200 m along main E-W dirt road, then S ca. 24 m into the NW corner of burn plot 1E.",,,,,,,,,,,,10,University of South Florida Ecological Research Area,,,,,ICN,,,B18B79EA-4B68-4F34-8605-24CD4520CB4C,Sheet 2 of 2.,,,,,,,,,,,,Monocots,,,,99,A. C. Schmidt,,,,,Fertile,,,,,,Sorghastrum secundum,(Elliott) Nash,,,secundum,,Florida,,,,species,,,,,,,,,,,"Ca. 0.51 km ENE of the junction of Fletcher Avenue (C-582A) and 56th Street (FL 583); WNW of E gate ca. 200 m along main E-W dirt road, then S ca. 24 m into the NW corner of burn plot 1E.",,,,,,2001,,,,,,,,,,,,
ec1badc4-10f3-4a08-b4c4-ff3297d86f04,,,,,,,,,,,,,,en,,,,,,,PhysicalObject,,,"[{""coreid"": ""F8E2DC1A-2AD8-437E-B805-C25C12C28267"", ""dwc:relatedResourceID"": ""urn:catalog:USF:Herb:229846"", ""dwc:relationshipOfResource"": ""sameAs""}]",,,,,,,,,,PreservedSpecimen,,,229846,,,Herb,,,,,USA,,Collier Co.,,,,,08,26.1333,-81.4833,,,,,,,,,,1998-10-08,,,,Poaceae,,,,,,,,Sorghastrum,,,,,,,,,,Edge of mesic flatwoods.,Plantae | Monocots | Poaceae,USA | Florida | Collier Co.,,,70476,,,,,,,,,,USF,urn:lsid:biocol.org:col:15638,,,Plantae,,,,,,,,,"Collier-Seminole State Park, The edge of Old Marco Road. T51S, R27E, Sec. 28, SW¼ of NE¼.",,,,,,,,,,,,10,Collier-Seminole State Park,,,,,ICN,,,F8E2DC1A-2AD8-437E-B805-C25C12C28267,,,,,,,,,,,,,Monocots,,,,CS0391,R. A. Hattaway,,,,,Fertile,,,,,,Sorghastrum secundum,(Elliott) Nash,,,secundum,,Florida,,,,species,,,,,,,,,,,"The edge of Old Marco Road. T51S, R27E, Sec. 28, SW¼ of NE¼.",,,,,,1998,,,,,,,,,,,,
24e88c62-e223-4a5d-b71b-0e60ba92141f,,,,,,,,,,,,,,en,,,,,,,PhysicalObject,,,"[{""coreid"": ""22CB9868-5BD5-4778-9B86-3EF22A0F3756"", ""dwc:relatedResourceID"": ""urn:catalog:USF:Herb:243198"", ""dwc:relationshipOfResource"": ""sameAs""}]",,,,,,,,,,PreservedSpecimen,,,243198,,,Herb,,,,,USA,,Highlands Co.,,,,,10,27.3667,-81.35,,,,,,,,,,2002-10-10,,,,Poaceae,,,,,,,,Sorghastrum,,,,,,,,,,Mesic flatwoods.,Plantae | Monocots | Poaceae,USA | Florida | Highlands Co.,,,70477,,,,,,,,,,USF,urn:lsid:biocol.org:col:15638,,,Plantae,,,,,,,,,"Highlands Hammock State Park, W edge of Burn Zone H-63; NE part of the park. T34S, R28E, Sec. 23, NW¼ of NW¼ of NE¼.",,,,,,,,,,,,10,Highlands Hammock State Park,,,,,ICN,,,22CB9868-5BD5-4778-9B86-3EF22A0F3756,,,,,,,,,,,,,Monocots,,,,HH0184,A. Bishop,,,,,Fertile,,,,,,Sorghastrum secundum,(Elliott) Nash,,,secundum,,Florida,,,,species,,,,,,,,,,,"W edge of Burn Zone H-63; NE part of the park. T34S, R28E, Sec. 23, NW¼ of NW¼ of NE¼.",,,,,,2002,,,,,,,,,,,,
a0088985-7f64-4f1b-838d-0cf73cb0caa1,,,,,,,,,,,,,,en,,,,,,,PhysicalObject,,,"[{""coreid"": ""37610ACA-9B77-432E-B657-2DE0BC0CACBD"", ""dwc:relatedResourceID"": ""urn:catalog:USF:Herb:81359"", ""dwc:relationshipOfResource"": ""sameAs""}]",,,,,,,,,,PreservedSpecimen,,,81359,,,Herb,,,,,USA,,Collier Co.,,,,Mar 1986,22,25.9667,-81.7167,,,,,,,,,,1967-10-22,,,,Poaceae,,,,,,,,Sorghastrum,,,,,,,,,,Ditch embankment of white sand; pineland.,Plantae | Monocots | Poaceae,USA | Florida | Collier Co.,,,70504,,,,,S. L. Hatch,,,,,USF,urn:lsid:biocol.org:col:15638,,,Plantae,,,,,,,,,"Marco Island; E side of subdivision, N of the schoolhouse.",,,,,,,,,,,,10,,,,,,ICN,,,37610ACA-9B77-432E-B657-2DE0BC0CACBD,,,,,,,,,,,,,Monocots,,,,31188,O. K. Lakela,,,,,Fertile,,,,,,Sorghastrum secundum,(Elliott) Nash,,,secundum,,Florida,,,,species,,,,,,,,,,,"Marco Island; E side of subdivision, N of the schoolhouse.",,,,,,1967,,,,,,,,,,,,
55734b22-788f-4eb6-a12b-1904ed3bd76d,,,,,,,,,,,,,,en,,,,,,,PhysicalObject,,,"[{""coreid"": ""6A4D53F8-E5E8-413A-9615-09EAF1C120E5"", ""dwc:relatedResourceID"": ""urn:catalog:USF:Herb:124754"", ""dwc:relationshipOfResource"": ""sameAs""}]",,,,,,,,,,PreservedSpecimen,,,124754,,,Herb,,,,,USA,,Pinellas Co.,,,,Mar 1986,22,28.0197,-82.7718,,,,,,,,,,1976-09-22,,,,Poaceae,,,,,,,,Sorghastrum,,,,,,,,,,Coastal white sand; full sun.,Plantae | Monocots | Poaceae,USA | Florida | Pinellas Co.,,,70428,,,,,S. L. Hatch,,,,,USF,urn:lsid:biocol.org:col:15638,,,Plantae,,,,,,,,,Dunedin; Dunedin Hammock.,,,,,,,,,,,,9,,,,,,ICN,,,6A4D53F8-E5E8-413A-9615-09EAF1C120E5,,,,,,,,,,,,,Monocots,,,,2316,"P. Genelle, G. Fleming",,,,,Fertile,,,,,,Sorghastrum secundum,(Elliott) Nash,,,secundum,,Florida,,,,species,,,,,,,,,,,Dunedin; Dunedin Hammock.,,,,,,1976,,,,,,,,,,,,
4a860b46-4c07-471c-9afb-6a9fabf3f7c2,,,,,,,,,,,,,,en,,,,,,,PhysicalObject,,,"[{""coreid"": ""628670BB-F316-4FB7-B717-C60F73D85FE3"", ""dwc:relatedResourceID"": ""urn:catalog:USF:Herb:230830"", ""dwc:relationshipOfResource"": ""sameAs""}]",,,,,,,,,,PreservedSpecimen,,,230830,,,Herb,,,,,USA,,Hillsborough Co.,,,,,08,27.4833,-82.1833,,"{""habit"":""Grass to 0.8 m.""}",,,,,,,,1998-10-08,,,,Poaceae,,,,,,,,Sorghastrum,,,,,,,,,,Mesic flatwoods.,Plantae | Monocots | Poaceae,USA | Florida | Hillsborough Co.,,,70447,,,,,,,,,,USF,urn:lsid:biocol.org:col:15638,,,Plantae,,,,,,,,,"Little Manatee River State Park, N loop of the N Hiking Trail, near a baygall strand. T32S, R19E, Sec. 24, SW¼ of SE¼.",,,,,,,,,,,,10,Little Manatee River State Park,,,,,ICN,,,628670BB-F316-4FB7-B717-C60F73D85FE3,,,,,,,,,,,,,Monocots,,,,172,"J. Myers, S. Marchesi",,,,,Fertile,,,,,,Sorghastrum secundum,(Elliott) Nash,,,secundum,,Florida,,,,species,,,,,,,,,,,"N loop of the N Hiking Trail, near a baygall strand. T32S, R19E, Sec. 24, SW¼ of SE¼.",,,,,,1998,,,,,,,,,,,,
8d35563f-bf60-4696-b315-ddd38f529104,,,,,,,,,,,,,,en,,,,,,,PhysicalObject,,,"[{""coreid"": ""153F2491-CF68-4D93-8C61-C63749A4BBDC"", ""dwc:relatedResourceID"": ""urn:catalog:USF:Herb:24829"", ""dwc:relationshipOfResource"": ""sameAs""}]",,,,,,,,,,PreservedSpecimen,,,24829,,,Herb,,,,,USA,,Hernando Co.,,,,Mar 1986,29,,,,,,,,,,,,1959-09-29,,,,Poaceae,,,,,,,,Sorghastrum,,,,,,,,,,Dry pine woods.,Plantae | Monocots | Poaceae,USA | Florida | Hernando Co.,,,70594,,,,,S. L. Hatch,,,,,USF,urn:lsid:biocol.org:col:15638,,,Plantae,,,,,,,,,"May's Prairie. T21S, R19E, Sec. 25.",,,,,,,,,,,,9,,,,,,ICN,,,153F2491-CF68-4D93-8C61-C63749A4BBDC,,,,,,,,,,,,,Monocots,,,,7234,"G. R. Cooley, R.J. Eaton, J.D. Ray, Jr.",,,,,Fertile,,,,,,Sorghastrum secundum,(Elliott) Nash,,,secundum,,Florida,,,,species,,,,,,,,,,,"May's Prairie. T21S, R19E, Sec. 25.",,,,,,1959,,,,,,,,,,,,
7cf03fbc-4ac1-4fb8-af98-222cb626a707,,,,,,,,,,,,,,en,,,,,,,PhysicalObject,,,"[{""coreid"": ""F3D90F8F-B624-4CFA-BD29-C34AE9C87682"", ""dwc:relatedResourceID"": ""urn:catalog:USF:Herb:135264"", ""dwc:relationshipOfResource"": ""sameAs""}]",,,,,,,,,,PreservedSpecimen,,,135264,,,Herb,,,,,USA,,Hillsborough Co.,,,,Mar 1986,29,28,-82,,"{""habit"":""Common; white flowers.""}",,,,,,,,1977-09-29,,,,Poaceae,,,,,,,,Sorghastrum,,,,,,,,,,Sandy soil in pine - oak woodland.,Plantae | Monocots | Poaceae,USA | Florida | Hillsborough Co.,,,70598,,,,,S. L. Hatch,,,,,USF,urn:lsid:biocol.org:col:15638,,,Plantae,,,,,,,,,Within University of South Florida Ecological Area.,,,,,,,,,,,,9,,,,,,ICN,,,F3D90F8F-B624-4CFA-BD29-C34AE9C87682,,,,,,,,,,,,,Monocots,,,,15,C. G. Willett,,,,,Fertile,,,,,,Sorghastrum secundum,(Elliott) Nash,,,secundum,,Florida,,,,species,,,,,,,,,,,Within University of South Florida Ecological Area.,,,,,,1977,,,,,,,,,,,,
677accd3-1bd8-41e3-93ad-bdfc70720db4,,,,,,,,,,,,,,en,,,,,,,PhysicalObject,,,"[{""coreid"": ""16B6CDB2-0C4B-46B2-AF23-3702A4064E71"", ""dwc:relatedResourceID"": ""urn:catalog:USF:Herb:181225"", ""dwc:relationshipOfResource"": ""sameAs""}]",,,,,,,,,,PreservedSpecimen,,,181225,,,Herb,,,,,USA,,Citrus Co.,,,,,29,,,,,,,,,,,,1983-10-29,,,,Poaceae,,,,,,,,Sorghastrum,,,,,,,,,,,Plantae | Monocots | Poaceae,USA | Florida | Citrus Co.,,,70487,,,,,,,,,,USF,urn:lsid:biocol.org:col:15638,,,Plantae,,,,,,,,,"Crystal River, 1 block W of FL 44 on Dunkenfield Road.",,,,,,,,,,,,10,,,,,,ICN,,,16B6CDB2-0C4B-46B2-AF23-3702A4064E71,,,,,,,,,,,,,Monocots,,,,A-352,M. E. Schmid,,,,,Fertile,,,,,,Sorghastrum secundum,(Elliott) Nash,,,secundum,,Florida,,,,species,,,,,,,,,,,"Crystal River, 1 block W of FL 44 on Dunkenfield Road.",,,,,,1983,,,,,,,,,,,,
a24ef61b-f821-4c43-a6b6-398c8207bfcd,,,,,,,,,,,,,,en,,,,,,,PhysicalObject,,,"[{""coreid"": ""C6E84166-35B7-48D6-9796-20DAC7962A40"", ""dwc:relatedResourceID"": ""urn:catalog:USF:Herb:239171"", ""dwc:relationshipOfResource"": ""sameAs""}]",,,,,,,,,,PreservedSpecimen,,,239171,,,Herb,,,,,USA,,Polk Co.,,,,,14,27.7094,-81.2803,,,,,,,,,,1994-10-14,,,,Poaceae,,,,,,,,Sorghastrum,,,,,,,,,,Dry-mesic Panicum abscissum zone between scrub and seepage slopes.,Plantae | Monocots | Poaceae,USA | Florida | Polk Co.,,,70444,,,,,,,,,,USF,urn:lsid:biocol.org:col:15638,,,Plantae,,,,,,,,,"Avon Park Air Force Range, Ca. 2.07 air mi. SW of the Olsen Road and Parrish Road junction; in Foxtrot Range. T32S, R30E, Sec. 12, SW¼ of NE¼ of SW¼.",,,,,,,,,,,,10,Avon Park Air Force Range,,,,,ICN,,,C6E84166-35B7-48D6-9796-20DAC7962A40,,,,,,,,,,,,,Monocots,,,,23298,"S. L. Orzell, E.L. Bridges",,,,,Fertile,,,,,,Sorghastrum secundum,(Elliott) Nash,,,secundum,,Florida,,,,species,,,,,,,128 ft,,,,"Ca. 2.07 air mi. SW of the Olsen Road and Parrish Road junction; in Foxtrot Range. T32S, R30E, Sec. 12, SW¼ of NE¼ of SW¼.",,,,,,1994,,,,,,,,,,,,
7a33eae3-6e4e-48a7-8ce4-b2b7d166ce98,,,,,,,,,,,,,,en,,,,,,,PhysicalObject,,,"[{""coreid"": ""687E7FBE-1153-426C-97E9-B1D95F2BF8C0"", ""dwc:relatedResourceID"": ""urn:catalog:USF:Herb:222162"", ""dwc:relationshipOfResource"": ""sameAs""}]",,,,,,,,,,PreservedSpecimen,,,222162,,,Herb,,,,,USA,,Hillsborough Co.,,,,,29,27.8167,-82.2167,,,,,,,,,,1994-09-29,,,,Poaceae,,,,,,,,Sorghastrum,,,,,,,,,,,Plantae | Monocots | Poaceae,USA | Florida | Hillsborough Co.,,,70494,,,,,,,,,,USF,urn:lsid:biocol.org:col:15638,,,Plantae,,,,,,,,,"Balm-Boyette Scrub Nature Preserve, 2.5 mi. S of Boyette. T31S, R21E, Sec. 17, NE¼ of SE¼.",,,,,,,,,,,,9,Balm-Boyette Scrub Nature Preserve,,,,,ICN,,,687E7FBE-1153-426C-97E9-B1D95F2BF8C0,,,,,,,,,,,,,Monocots,,,,s.n.,"S. Landry, C. Vandaveer",,,,,Fertile,,,,,,Sorghastrum secundum,(Elliott) Nash,,,secundum,,Florida,,,,species,,,,,,,,,,,"2.5 mi. S of Boyette. T31S, R21E, Sec. 17, NE¼ of SE¼.",,,,,,1994,,,,,,,,,,,,
e270c342-0be7-4707-90d3-5855494e9071,,,,,,,,,,,,,,en,,,,,,,PhysicalObject,,,"[{""coreid"": ""AE1EE478-28F8-4286-8BCB-87D20E37064C"", ""dwc:relatedResourceID"": ""urn:catalog:USF:Herb:178271"", ""dwc:relationshipOfResource"": ""sameAs""}]",,,,,,,,,,PreservedSpecimen,,,178271,,,Herb,,,,,USA,,Escambia Co.,,,,,27,,,,,,,,,,,,1980-11-27,,,,Poaceae,,,,,,,,Sorghastrum,,,,,,,,,,,Plantae | Monocots | Poaceae,USA | Alabama | Escambia Co.,,,181895,,,,,,,,,,USF,urn:lsid:biocol.org:col:15638,,,Plantae,,,,,,,,,"At Riverview, at the Airport Road turn-off 3.2 mi. N of the state line.",,,,,,,,,,,,11,,,,,,ICN,,,AE1EE478-28F8-4286-8BCB-87D20E37064C,,,,,,,,,,,,,Monocots,,,,8245,G. Wilhelm,,,,,,,,,,,Sorghastrum secundum,(Elliott) Nash,,,secundum,,Alabama,,,,species,,,,,,,,,,,"At Riverview, at the Airport Road turn-off 3.2 mi. N of the state line.",,,,,,1980,,,,,,,,,,,,
46efb964-00a6-48b1-90e2-ad63cb26857d,,,,,,,,,,,,,,en,,,,,,,PhysicalObject,,,"[{""coreid"": ""2DE3B7B0-A42D-4912-900B-F2A5845436A6"", ""dwc:relatedResourceID"": ""urn:catalog:USF:Herb:63205"", ""dwc:relationshipOfResource"": ""sameAs""}]",,,,,,,,,,PreservedSpecimen,,,63205,,,Herb,,,,,USA,,Polk Co.,,,,Mar 1986,15,27.8964,-81.8431,,,,,,,,,,1954-09-15,,,,Poaceae,,,,,,,,Sorghastrum,,,,,,,,,,"Low, flat area in pine wood; sandy loam.",Plantae | Monocots | Poaceae,USA | Florida | Polk Co.,,,70419,,,,,S. L. Hatch,,,,,USF,urn:lsid:biocol.org:col:15638,,,Plantae,,,,,,,,,Bartow.,,,,,,,,,,,,9,,,,,,ICN,,,2DE3B7B0-A42D-4912-900B-F2A5845436A6,,,,,,,,,,,,,Monocots,,,,1747,R. E. Perdue,,,,,Fertile,,,,,,Sorghastrum secundum,(Elliott) Nash,,,secundum,,Florida,,,,species,,,,,,,,,,,Bartow.,,,,,,1954,,,,,,,,,,,,
7878d0e1-7f2b-44f2-9e48-225a9396a730,,,,,,,,,,,,,,en,,,,,,,PhysicalObject,,,"[{""coreid"": ""493A9E36-9095-4615-8482-BCFBF27ED12B"", ""dwc:relatedResourceID"": ""urn:catalog:USF:Herb:236109"", ""dwc:relationshipOfResource"": ""sameAs""}]",,,,,,,,,,PreservedSpecimen,,,236109,,,Herb,,,,,USA,,Pasco Co.,,,,,26,,,,,,,,,,,,2002-09-26,,,,Poaceae,,,,,,,,Sorghastrum,,,,,,,,,,Open woods; mesic flatwoods.,Plantae | Monocots | Poaceae,USA | Florida | Pasco Co.,,,70432,,,,,,,,,,USF,urn:lsid:biocol.org:col:15638,,,Plantae,,,,,,,,,"Werner-Boyce Salt Springs State Park, Ca. 0.15 mi E of the park shop. T25S, R16E, Sec. 29, NW¼ of NE¼ of NE¼.",,,,,,,,,,,,9,Werner-Boyce Salt Springs State Park,,,,,ICN,,,493A9E36-9095-4615-8482-BCFBF27ED12B,,,,,,,,,,,,,Monocots,,,,WB185,"C. vanHoek, S. Petty",,,,,Fertile,,,,,,Sorghastrum secundum,(Elliott) Nash,,,secundum,,Florida,,,,species,,,,,,,,,,,"Ca. 0.15 mi E of the park shop. T25S, R16E, Sec. 29, NW¼ of NE¼ of NE¼.",,,,,,2002,,,,,,,,,,,,
ab7c7e00-7ab4-4aff-88d5-a0ca35d06080,,,,,,,,,,,,,,en,,,,,,,PhysicalObject,,,"[{""coreid"": ""E81654DF-D230-4C16-9567-781358B6C8D1"", ""dwc:relatedResourceID"": ""urn:catalog:USF:Herb:118842"", ""dwc:relationshipOfResource"": ""sameAs""}]",,,,,,,,,,PreservedSpecimen,,,118842,,,Herb,,,,,USA,,Brevard Co.,,,,Mar 1986,24,,,,,,,,,,,,1972-09-24,,,,Poaceae,,,,,,,,Sorghastrum,,,,,,,,,,"Ruderal, roadside; full sun; sandy soil.",Plantae | Monocots | Poaceae,USA | Florida | Brevard Co.,,,70450,,,,,S. L. Hatch,,,,,USF,urn:lsid:biocol.org:col:15638,,,Plantae,,,,,,,,,"North Merritt Island on Happy Creek Road. T21S, R36E, Sec. 36, S½.",,,,,,,,,,,,9,,,,,,ICN,,,E81654DF-D230-4C16-9567-781358B6C8D1,,,,,,,,,,,,,Monocots,,,,M0221,A.G. Shuey,,,,,Fertile,,,,,,Sorghastrum secundum,(Elliott) Nash,,,secundum,,Florida,,,,species,,,,,,,,,,,"North Merritt Island on Happy Creek Road. T21S, R36E, Sec. 36, S½.",,,,,,1972,,,,,,,,,,,,
80122e5d-b648-4d5c-a425-ff4dd1b40e20,,,,,,,,,,,,,,en,,,,,,,PhysicalObject,,,"[{""coreid"": ""49B7B545-2499-4F24-8830-FDA675DA577E"", ""dwc:relatedResourceID"": ""urn:catalog:USF:Herb:167506"", ""dwc:relationshipOfResource"": ""sameAs""}]",,,,,,,,,,PreservedSpecimen,,,167506,,,Herb,,,,,USA,,Highlands Co.,,,,,25,,,,,,,,,,,,1981-09-25,,,,Poaceae,,,,,,,,Sorghastrum,,,,,,,,,,Wet pinelands.,Plantae | Monocots | Poaceae,USA | Florida | Highlands Co.,,,70491,,,,,,,,,,USF,urn:lsid:biocol.org:col:15638,,,Plantae,,,,,,,,,"Avon Park Air Force Range, 0.25 mi. N of the S property boundary on Van Eeghen Grade, S of the fork in the road. T34S, R30E, Sec. 1.",,,,,,,,,,,,9,Avon Park Air Force Range,,,,,ICN,,,49B7B545-2499-4F24-8830-FDA675DA577E,,,,,,,,,,,,,Monocots,,,,1021,"D. R. Lindsey, S. Upchurch",,,,,Fertile,,,,,,Sorghastrum secundum,(Elliott) Nash,,,secundum,,Florida,,,,species,,,,,,,,,,,"0.25 mi. N of the S property boundary on Van Eeghen Grade, S of the fork in the road. T34S, R30E, Sec. 1.",,,,,,1981,,,,,,,,,,,,
31c7e893-4b4c-4ef4-94ec-3b80d10396c0,,,,,,,,,,,,,,en,,,,,,,PhysicalObject,,,"[{""coreid"": ""A826976A-4B65-49AE-AF33-2F48B01B1243"", ""dwc:relatedResourceID"": ""urn:catalog:USF:Herb:681"", ""dwc:relationshipOfResource"": ""sameAs""}]",,,,,,,,,,PreservedSpecimen,,,681,,,Herb,,,,,USA,,Escambia Co.,,,,Mar 1986,28,30.4093,-87.2142,,,,,,,,,,1957-09-28,,,,Poaceae,,,,,,,,Sorghastrum,,,,,,,,,,Turkey oak [Quercus laevis] - longleaf pine [Pinus palustris] barren.,Plantae | Monocots | Poaceae,USA | Florida | Escambia Co.,,,70397,,,,,S. L. Hatch,,,,,USF,urn:lsid:biocol.org:col:15638,,,Plantae,,,,,,,,,"Near Bayou San Marcus Creek, W of Pensacola.",,,,,,,,,,,,9,,,,,,ICN,,,A826976A-4B65-49AE-AF33-2F48B01B1243,,,,,,,,,,,,,Monocots,,,,6016,"R. Kral, R.K. Godfrey",,,,,Fertile,,,,,,Sorghastrum secundum,(Elliott) Nash,,,secundum,,Florida,,,,species,,,,,,,,,,,"Near Bayou San Marcus Creek, W of Pensacola.",,,,,,1957,,,,,,,,,,,,
d6a34f21-9b73-44ed-9a59-48441802c6d2,,,,,,,,,,,,,,en,,,,,,,PhysicalObject,,,"[{""coreid"": ""F1FAD37A-F64E-490C-88E6-732BD6250B33"", ""dwc:relatedResourceID"": ""urn:catalog:USF:Herb:250241"", ""dwc:relationshipOfResource"": ""sameAs""}]",,,,,,,,,,PreservedSpecimen,,,250241,,,Herb,,,,,USA,,Pasco Co.,,,,,26,28.1939,-82.5918,,,,,,,,,,2003-09-26,,,,Poaceae,,,,,,,,Sorghastrum,,,,,,,,,,Mesic flatwoods.,Plantae | Monocots | Poaceae,USA | Florida | Pasco Co.,,,70420,,,,,,,,,,USF,urn:lsid:biocol.org:col:15638,,,Plantae,,,,,,,,,"Starkey Wilderness Park, 2.5 mi. NNW of Odessa. T26S, R17E, Sec. 4, SW¼ of SE¼. UTM 17R 0342523 / 3125641.",,,,,,,,,,,,9,Starkey Wilderness Park,,,,,ICN,,,F1FAD37A-F64E-490C-88E6-732BD6250B33,,,,,,,,,,,,,Monocots,,,,391,"E. M. Ferguson, J. Kunzer",,,,,Fertile,,,,,,Sorghastrum secundum,(Elliott) Nash,,,secundum,,Florida,,,,species,,,,,,,,,,,"2.5 mi. NNW of Odessa. T26S, R17E, Sec. 4, SW¼ of SE¼. UTM 17R 0342523 / 3125641.",,,,,,2003,,,,,,,,,,,,
b662aa57-e8d7-4099-9d22-b49e4ce11adf,,,,,,,,,,,,,,en,,,,,,,PhysicalObject,,,"[{""coreid"": ""A8C78430-45BB-4C2B-BD20-F22832752E0E"", ""dwc:relatedResourceID"": ""urn:catalog:USF:Herb:126942"", ""dwc:relationshipOfResource"": ""sameAs""}]",,,,,,,,,,PreservedSpecimen,,,126942,,,Herb,,,,,USA,,Pasco Co.,,,,Mar 1986,03,28.2333,-82.2833,,,,,,,,,,1975-10-03,,,,Poaceae,,,,,,,,Sorghastrum,,,,,,,,,,Pine - turkey oak [Quercus laevis community].,Plantae | Monocots | Poaceae,USA | Florida | Pasco Co.,,,70490,,,,,S. L. Hatch,,,,,USF,urn:lsid:biocol.org:col:15638,,,Plantae,,,,,,,,,"J.B. Starkey Wilderness Park, Ca. 4 mi. E of New Port Richey.",,,,,,,,,,,,10,J.B. Starkey Wilderness Park,,,,,ICN,,,A8C78430-45BB-4C2B-BD20-F22832752E0E,,,,,,,,,,,,,Monocots,,,,s.n.,"T. F. Rochow, G. Schupp",,,,,Fertile,,,,,,Sorghastrum secundum,(Elliott) Nash,,,secundum,,Florida,,,,species,,,,,,,,,,,Ca. 4 mi. E of New Port Richey.,,,,,,1975,,,,,,,,,,,,
4be020e5-61ef-44da-bb72-9180ef5e58ec,,,,,,,,,,,,,,en,,,,,,,PhysicalObject,,,"[{""coreid"": ""483E2CF3-D214-499B-A5D6-298DDD9FB940"", ""dwc:relatedResourceID"": ""urn:catalog:USF:Herb:231553"", ""dwc:relationshipOfResource"": ""sameAs""}]",,,,,,,,,,PreservedSpecimen,,,231553,,,Herb,,,,,USA,,Sumter Co.,,,,,20,28.9167,-82.0333,,,,,,,,,,2001-10-20,,,,Poaceae,,,,,,,,Sorghastrum,,,,,,,,,,Mature longleaf pine [Pinus palustris] and oak sandhill remnant.,Plantae | Monocots | Poaceae,USA | Florida | Sumter Co.,,,70473,,,,,,,,,,USF,urn:lsid:biocol.org:col:15638,,,Plantae,,,,,,,,,"N side of C-466, ca. 5 km W of Oxford.",,,,,,,,,,,,10,,,,,,ICN,,,483E2CF3-D214-499B-A5D6-298DDD9FB940,,,,,,,,,,,,,Monocots,,,,2897,M. T. Strong,,,,,Fertile,,,,,,Sorghastrum secundum,(Elliott) Nash,,,secundum,,Florida,,,,species,,,,,,,,,,,"N side of C-466, ca. 5 km W of Oxford.",,,,,,2001,,,,,,,,,,,,
5cd1787d-8103-491d-8d24-ffdc4b074bb5,,,,,,,,,,,,,,en,,,,,,,PhysicalObject,,,"[{""coreid"": ""652A59EE-2459-4C48-9B6B-108BF31975B0"", ""dwc:relatedResourceID"": ""urn:catalog:USF:Herb:260524"", ""dwc:relationshipOfResource"": ""sameAs""}]",,,,,,,,,,PreservedSpecimen,,,260524,,,Herb,,,,,USA,,Charlotte Co.,,,,,14,27.0164,-81.9922,,,,,,,,,,2011-10-14,,,,Poaceae,,,,,,,,Sorghastrum,,,,,,,,,,Wet flatwoods - hydric hammock.,Plantae | Monocots | Poaceae,USA | Florida | Charlotte Co.,,,102595,,,,,,,,,,USF,urn:lsid:biocol.org:col:15638,,,Plantae,,,,,,,,,"Peace River Preserve, 0.6 km W of Peace River, 1.9 mi. S of the DeSoto County line, 5.2 km E of I-75.",,,,,,,,,,,,10,Peace River Preserve,,,,,ICN,,,652A59EE-2459-4C48-9B6B-108BF31975B0,,,,,,,,,,,,,Monocots,,,,2888,"A. R. Franck, R. Chicone, Jr.",,,,,Fertile,,,,,,Sorghastrum secundum,(Elliott) Nash,,,secundum,,Florida,,,,species,,,,,,,,,,,"0.6 km W of Peace River, 1.9 mi. S of the DeSoto County line, 5.2 km E of I-75.",,,,,,2011,,,,,,,,,,,,
e19a5433-834c-4661-aa8c-2ebf8e00c1fa,,,,,,,,,,,,,,en,,,,,,,PhysicalObject,,,"[{""coreid"": ""F8688036-F9F2-4DDC-AEFC-D92C6C2A86F0"", ""dwc:relatedResourceID"": ""urn:catalog:USF:Herb:151361"", ""dwc:relationshipOfResource"": ""sameAs""}]",,,,,,,,,,PreservedSpecimen,,,151361,,,Herb,,,,,USA,,Hillsborough Co.,,,,Mar 1986,04,28,-82,,"{""habit"":""Grass to 1.0 m tall.""}",,,,,,,,1979-10-04,,,,Poaceae,,,,,,,,Sorghastrum,,,,,,,,,,"Dry, grassy roadside.",Plantae | Monocots | Poaceae,USA | Florida | Hillsborough Co.,,,70472,,,,,S. L. Hatch,,,,,USF,urn:lsid:biocol.org:col:15638,,,Plantae,,,,,,,,,"University of South Florida Ecological Research Area, NE of the University of South Florida campus.",,,,,,,,,,,,10,University of South Florida Ecological Research Area,,,,,ICN,,,F8688036-F9F2-4DDC-AEFC-D92C6C2A86F0,,,,,,,,,,,,,Monocots,,,,174,J. Bateson,,,,,Fertile,,,,,,Sorghastrum secundum,(Elliott) Nash,,,secundum,,Florida,,,,species,,,,,,,,,,,NE of the University of South Florida campus.,,,,,,1979,,,,,,,,,,,,
33652c7b-62b7-4261-aebc-10fefbb781a2,,,,,,,,,,,,,,en,,,,,,,PhysicalObject,,,"[{""coreid"": ""B3AA4796-EA5C-4991-BC1F-DAB150F81D1B"", ""dwc:relatedResourceID"": ""urn:catalog:USF:Herb:302919"", ""dwc:relationshipOfResource"": ""sameAs""}]",,,,,,,,,,PreservedSpecimen,,,302919,,,Herb,,,,,USA,,Lee Co.,,,,,22,26.4564,-81.8378,,"{""habit"":""Occasional to common.""}",,,,,,,,2019-10-22,,,,Poaceae,,,,,,,,Sorghastrum,,,,,,,,,,Scrubby flatwoods.,Plantae | Monocots | Poaceae,USA | Florida | Lee Co.,,,343535,,,,,,,,,,USF,urn:lsid:biocol.org:col:15638,,,Plantae,,,,,,,,,Estero Bay Preserve State Park,,,,,,,,,,,,10,Estero Bay Preserve State Park,,,,,ICN,,,B3AA4796-EA5C-4991-BC1F-DAB150F81D1B,,,,,,,,,,,,,Monocots,,,,EB0138,"R. Rowe, M. Rodak",,,,,Fertile,,,,,,Sorghastrum secundum,(Elliott) Nash,,,secundum,,Florida,,,,species,,,,,,,,,,,,,,,,,2019,,,,,,,,,,,,
cdb0c3d5-7565-46de-bbc0-4839e2721b79,,,,,,,,,,,,,,en,,,,,,,PhysicalObject,,,"[{""coreid"": ""D062879A-694A-43DC-BE91-DA0E064D390B"", ""dwc:relatedResourceID"": ""urn:catalog:USF:Herb:54744"", ""dwc:relationshipOfResource"": ""sameAs""}]",,,,,,,,,,PreservedSpecimen,,,54744,,,Herb,,,,,USA,,Miami-Dade Co.,,,,Mar 1986,10,25.4687,-80.4776,,"{""habit"":""Frequent.""}",,,,,,,,1963-08-10,,,,Poaceae,,,,,,,,Sorghastrum,,,,,,,,,,Openings of a wooded lot with Andropogon nad Panicum.,Plantae | Monocots | Poaceae,USA | Florida | Miami-Dade Co.,,,70498,,,,,S. L. Hatch,,,,,USF,urn:lsid:biocol.org:col:15638,,,Plantae,,,,,,,,,Homestead; adjoining the grounds of the Tradewinds Motel.,,,,,,,,,,,,8,,,,,,ICN,,,D062879A-694A-43DC-BE91-DA0E064D390B,,,,,,,,,,,,,Monocots,,,,26140,O. K. Lakela,,,,,Fertile,,,,,,Sorghastrum secundum,(Elliott) Nash,,,secundum,,Florida,,,,species,,,,,,,,,,,Homestead; adjoining the grounds of the Tradewinds Motel.,,,,,,1963,,,,,,,,,,,,
4051fd63-7364-44ba-a5c7-05e858887d57,,,,,,,,,,,,,,en,,,,,,,PhysicalObject,,,"[{""coreid"": ""7238F1AA-1C60-49C4-80E3-889CD9A661DF"", ""dwc:relatedResourceID"": ""urn:catalog:USF:Herb:102325"", ""dwc:relationshipOfResource"": ""sameAs""}]",,,,,,,,,,PreservedSpecimen,,,102325,,,Herb,,,,,USA,,Pinellas Co.,,,,Mar 1986,26,27.9651,-82.9112,,,,,,,,,,1972-09-26,,,,Poaceae,,,,,,,,Sorghastrum,,,,,,,,,,Roadside.,Plantae | Monocots | Poaceae,USA | Florida | Pinellas Co.,,,70592,,,,,S. L. Hatch,,,,,USF,urn:lsid:biocol.org:col:15638,,,Plantae,,,,,,,,,"NE Clearwater, 0.5 mi. N of FL 588 on US 19.",,,,,,,,,,,,9,,,,,,ICN,,,7238F1AA-1C60-49C4-80E3-889CD9A661DF,,,,,,,,,,,,,Monocots,,,,1581,"P. Genelle, G. Fleming",,,,,Fertile,,,,,,Sorghastrum secundum,(Elliott) Nash,,,secundum,,Florida,,,,species,,,,,,,,,,,"NE Clearwater, 0.5 mi. N of FL 588 on US 19.",,,,,,1972,,,,,,,,,,,,
8ca51dbc-5a76-4d77-a353-460deb0a3a46,,,,,,,,,,,,,,en,,,,,,,PhysicalObject,,,"[{""coreid"": ""C8DBE160-EE98-4EFF-B3FE-64A5BCA9EED4"", ""dwc:relatedResourceID"": ""urn:catalog:USF:Herb:170096"", ""dwc:relationshipOfResource"": ""sameAs""}]",,,,,,,,,,PreservedSpecimen,,,170096,,,Herb,,,,,USA,,Putnam Co.,,,,30-Oct-1982,30,29.6239,-81.8904,,,,,,,,,,1982-10-30,,,,Poaceae,,,,,,,,Sorghastrum,,,,,,,,,,"Sand scrub with Pinus palustris, Quercus laevis, Garberia fruiticosa [heterophylla], Ceratiola ericoides and Q. geminata.",Plantae | Monocots | Poaceae,USA | Florida | Putnam Co.,,,70488,,,,,"J. D. Skean, Jr.",,,,,USF,urn:lsid:biocol.org:col:15638,,,Plantae,,,,,,,,,"Along C-315, ca. 2 km S of the junction with FL 20 at Interlachen. T10S, R24E, Sec. 22.",,,,,,,,,,,,10,,,,,,ICN,,,C8DBE160-EE98-4EFF-B3FE-64A5BCA9EED4,,,,,,,,,,,,,Monocots,,,,878,"J. D. Skean, Jr.",,,,,Fertile,,,,,,Sorghastrum secundum,(Elliott) Nash,,,secundum,,Florida,,,,species,,,,,,,,,,,"Along C-315, ca. 2 km S of the junction with FL 20 at Interlachen. T10S, R24E, Sec. 22.",,,,,,1982,,,,,,,,,,,,
937ebcd9-1043-4e73-94e7-6b4ddf35da8a,,,,,,,,,,,,,,en,,,,,,,PhysicalObject,,,"[{""coreid"": ""98C044AA-E430-4559-B954-52F5CDB0E295"", ""dwc:relatedResourceID"": ""urn:catalog:USF:Herb:155415"", ""dwc:relationshipOfResource"": ""sameAs""}]",,,,,,,,,,PreservedSpecimen,,,155415,,,Herb,,,,,USA,,Miami-Dade Co.,,,,Mar 1986,17,25.7743,-80.1937,,,,,,,,,,1980-06-17,,,,Poaceae,,,,,,,,Sorghastrum,,,,,,,,,,Edge of disturbed pineland.,Plantae | Monocots | Poaceae,USA | Florida | Miami-Dade Co.,,,70430,,,,,S. L. Hatch,,,,,USF,urn:lsid:biocol.org:col:15638,,,Plantae,,,,,,,,,Miami; corner of SE 117th Avenue and Killian Drive.,,,,,,,,,,,,6,,,,,,ICN,,,98C044AA-E430-4559-B954-52F5CDB0E295,,,,,,,,,,,,,Monocots,,,,3601,R. P. Sauleda,,,,,Fertile,,,,,,Sorghastrum secundum,(Elliott) Nash,,,secundum,,Florida,,,,species,,,,,,,,,,,Miami; corner of SE 117th Avenue and Killian Drive.,,,,,,1980,,,,,,,,,,,,
2e84e483-1ce3-4658-820e-87c55a5f2f11,,,,,,,,,,,,,,en,,,,,,,PhysicalObject,,,"[{""coreid"": ""B6549E3B-C921-429C-BBCF-A04BFB9576E2"", ""dwc:relatedResourceID"": ""urn:catalog:USF:Herb:167541"", ""dwc:relationshipOfResource"": ""sameAs""}]",,,,,,,,,,PreservedSpecimen,,,167541,,,Herb,,,,,USA,,Highlands Co.,,,,,09,28.291,-81.407,,,,,,,,,,1981-10-09,,,,Poaceae,,,,,,,,Sorghastrum,,,,,,,,,,,Plantae | Monocots | Poaceae,USA | Florida | Highlands Co.,,,70431,,,,,,,,,,USF,urn:lsid:biocol.org:col:15638,,,Plantae,,,,,,,,,"Avon Park Air Force Range, Along Kissimmee Road W of Morgan's Hole.",,,,,,,,,,,,10,Avon Park Air Force Range,,,,,ICN,,,B6549E3B-C921-429C-BBCF-A04BFB9576E2,,,,,,,,,,,,,Monocots,,,,1084,"D. R. Lindsey, S. Upchurch",,,,,Fertile,,,,,,Sorghastrum secundum,(Elliott) Nash,,,secundum,,Florida,,,,species,,,,,,,,,,,Along Kissimmee Road W of Morgan's Hole.,,,,,,1981,,,,,,,,,,,,
1908b20b-3acc-4554-b70c-17fd70fdd43d,,,,,,,,,,,,,,en,,,,,,,PhysicalObject,,,"[{""coreid"": ""BAC4CF82-AAFF-4E79-ABA5-9472CFD50A67"", ""dwc:relatedResourceID"": ""urn:catalog:USF:Herb:249260"", ""dwc:relationshipOfResource"": ""sameAs""}]",,,,,,,,,,PreservedSpecimen,,,249260,,,Herb,,,,,USA,,Martin Co.,,,,,12,27.1592,-80.2702,,,,,,,,,,2002-09-12,,,,Poaceae,,,,,,,,Sorghastrum,,,,,,,,,,Mesic flatwoods.,Plantae | Monocots | Poaceae,USA | Florida | Martin Co.,,,70443,,,,,,,,,,USF,urn:lsid:biocol.org:col:15638,,,Plantae,,,,,,,,,"Danforth Park, NW corner of Mapp Road and Martin Highway (FL 714) in Palm City.",,,,,,,,,,,,9,Danforth Park,,,,,ICN,,,BAC4CF82-AAFF-4E79-ABA5-9472CFD50A67,,,,,,,,,,,,,Monocots,,,,943,S. W. Woodmansee,,,,,Fertile,,,,,,Sorghastrum secundum,(Elliott) Nash,,,secundum,,Florida,,,,species,,,,,,,,,,,NW corner of Mapp Road and Martin Highway (FL 714) in Palm City.,,,,,,2002,,,,,,,,,,,,
0950a903-af5a-4049-902a-e7b90a6e0143,,,,,,,,,,,,,,en,,,,,,,PhysicalObject,,,"[{""coreid"": ""79C202B3-4D6E-42AA-85EA-3E4DCFC22DE9"", ""dwc:relatedResourceID"": ""urn:catalog:USF:Herb:210048"", ""dwc:relationshipOfResource"": ""sameAs""}]",,,,,,,,,,PreservedSpecimen,,,210048,,,Herb,,,,,USA,,Sarasota Co.,,,,,04,,,,"{""habit"":""Erect to 2 m height; common.""}",,,,,,,,1993-10-04,,,,Poaceae,,,,,,,,Sorghastrum,,,,,,,,,,Scrubby flatwoods.,Plantae | Monocots | Poaceae,USA | Florida | Sarasota Co.,,,70600,,,,,,,,,,USF,urn:lsid:biocol.org:col:15638,,,Plantae,,,,,,,,,"Oscar Scherer State Park, Burn zone 13 SE, along fenceline. T38S, R18E, Sec. 12.",,,,,,,,,,,,10,Oscar Scherer State Park,,,,,ICN,,,79C202B3-4D6E-42AA-85EA-3E4DCFC22DE9,,,,,,,,,,,,,Monocots,,,,OS0140,S. Cole,,,,,Fertile,,,,,,Sorghastrum secundum,(Elliott) Nash,,,secundum,,Florida,,,,species,,,,,,,,,,,"Burn zone 13 SE, along fenceline. T38S, R18E, Sec. 12.",,,,,,1993,,,,,,,,,,,,
ec2d5dc8-5b10-4cfd-aafd-f189b081c0a9,,,,,,,,,,,,,,en,,,,,,,PhysicalObject,,,"[{""coreid"": ""C0F3521C-0DE0-42A0-9F2E-3659C0105B9D"", ""dwc:relatedResourceID"": ""urn:catalog:USF:Herb:45944"", ""dwc:relationshipOfResource"": ""sameAs""}]",,,,,,,,,,PreservedSpecimen,,,45944,,,Herb,,,,,USA,,Bamberg Co.,,,,Mar 1986,24,,,,,,,,,,,,1957-10-24,,,,Poaceae,,,,,,,,Sorghastrum,,,,,,,,,,Turkey oak woods.,Plantae | Monocots | Poaceae,USA | South Carolina | Bamberg Co.,,,181888,,,,,S. L. Hatch,,,,,USF,urn:lsid:biocol.org:col:15638,,,Plantae,,,,,,,,,0.7 mi. S of junction C-27 and 22 on C-27; WNW of Govan.,,,,,,,,,,,,10,,,,,,ICN,,,C0F3521C-0DE0-42A0-9F2E-3659C0105B9D,,,,,,,,,,,,,Monocots,,,,37632,H. E. Ahles,,,,,Fertile,,,,,,Sorghastrum secundum,(Elliott) Nash,,,secundum,,South Carolina,,,,species,,,,,,,,,,,0.7 mi. S of junction C-27 and 22 on C-27; WNW of Govan.,,,,,,1957,,,,,,,,,,,,
8b37a5b5-0bd9-4e1a-89bf-0f70653fd4f7,,,,,,,,,,,,,,en,,,,,,,PhysicalObject,,,"[{""coreid"": ""685B13D6-E7FF-4B0D-BC0B-B5E7E0A2DBD0"", ""dwc:relatedResourceID"": ""urn:catalog:USF:Herb:76307"", ""dwc:relationshipOfResource"": ""sameAs""}]",,,,,,,,,,PreservedSpecimen,,,76307,,,Herb,,,,,USA,,Miami-Dade Co.,,,,Mar 1986,10,25.6151,-80.3106,,,,,,,,,,1966-09-10,,,,Poaceae,,,,,,,,Sorghastrum,,,,,,,,,,"Dry, grassy pineland.",Plantae | Monocots | Poaceae,USA | Florida | Miami-Dade Co.,,,70434,,,,,S. L. Hatch,,,,,USF,urn:lsid:biocol.org:col:15638,,,Plantae,,,,,,,,,"Old Cutler Road, N of Fairchild Tropical Gardens.",,,,,,,,,,,,9,,,,,,ICN,,,685B13D6-E7FF-4B0D-BC0B-B5E7E0A2DBD0,,,,,,,,,,,,,Monocots,,,,30195,O. K. Lakela,,,,,Fertile,,,,,,Sorghastrum secundum,(Elliott) Nash,,,secundum,,Florida,,,,species,,,,,,,,,,,"Old Cutler Road, N of Fairchild Tropical Gardens.",,,,,,1966,,,,,,,,,,,,
32f2e531-bd3e-4a69-9e31-a789033b5318,,,,,,,,,,,,,,en,,,,,,,PhysicalObject,,,"[{""coreid"": ""7EAF302B-E6CA-49FD-8032-7EAD40862073"", ""dwc:relatedResourceID"": ""urn:catalog:USF:Herb:120178"", ""dwc:relationshipOfResource"": ""sameAs""}]",,,,,,,,,,PreservedSpecimen,,,120178,,,Herb,,,,,USA,,Hillsborough Co.,,,,Mar 1986,02,27.8167,-82.2167,,,,,,,,,,1975-10-02,,,,Poaceae,,,,,,,,Sorghastrum,,,,,,,,,,Sandhill and flatwoods transitional zone.,Plantae | Monocots | Poaceae,USA | Florida | Hillsborough Co.,,,70467,,,,,S. L. Hatch,,,,,USF,urn:lsid:biocol.org:col:15638,,,Plantae,,,,,,,,,"N of Boyette and Coleman Hammock; T30S, R21E, Sec. 29.",,,,,,,,,,,,10,,,,,,ICN,,,7EAF302B-E6CA-49FD-8032-7EAD40862073,,,,,,,,,,,,,Monocots,,,,s.n.,A.G. Shuey,,,,,Fertile,,,,,,Sorghastrum secundum,(Elliott) Nash,,,secundum,,Florida,,,,species,,,,,,,,,,,"N of Boyette and Coleman Hammock; T30S, R21E, Sec. 29.",,,,,,1975,,,,,,,,,,,,
6acb27e6-c814-449d-8951-c5b1d5d15b26,,,,,,,,,,,,,,en,,,,,,,PhysicalObject,,,"[{""coreid"": ""287B0D9F-E246-42BB-B614-C92A985F66CB"", ""dwc:relatedResourceID"": ""urn:catalog:USF:Herb:243788"", ""dwc:relationshipOfResource"": ""sameAs""}]",,,,,,,,,,PreservedSpecimen,,,243788,,,Herb,,,,,USA,,Manatee Co.,,,,,03,27.8595,-82.0854,,,,,,,,,,1996-10-03,,,,Poaceae,,,,,,,,Sorghastrum,,,,,,,,,,Ruderal.,Plantae | Monocots | Poaceae,USA | Florida | Manatee Co.,,,70474,,,,,,,,,,USF,urn:lsid:biocol.org:col:15638,,,Plantae,,,,,,,,,"South Fork State Park, S edge of the property adjacent to an old field. T33S, R20E, Sec. 12, SW¼ of SW¼.",,,,,,,,,,,,10,South Fork State Park,,,,,ICN,,,287B0D9F-E246-42BB-B614-C92A985F66CB,,,,,,,,,,,,,Monocots,,,,SF0011,R. A. Hattaway,,,,,Fertile,,,,,,Sorghastrum secundum,(Elliott) Nash,,,secundum,,Florida,,,,species,,,,,,,,,,,"S edge of the property adjacent to an old field. T33S, R20E, Sec. 12, SW¼ of SW¼.",,,,,,1996,,,,,,,,,,,,
dfe97306-fcd1-49ec-9257-cab5054fef11,,,,,,,,,,,,,,en,,,,,,,PhysicalObject,,,"[{""coreid"": ""6EE920F6-20D1-4947-A978-43ED20741C72"", ""dwc:relatedResourceID"": ""urn:catalog:USF:Herb:279770"", ""dwc:relationshipOfResource"": ""sameAs""}]",,,,,,,,,,PreservedSpecimen,,,279770,,,Herb,,,,,USA,,Hillsborough Co.,,,,,15,28.0703,-82.3886,,"{""habit"":""Grass with leaves and inflorescence ca. 50 cm and 160 cm tall, respectively.""}",,,,,,,,2001-10-15,,,,Poaceae,,,,,,,,Sorghastrum,,,,,,,,,,"Sandhill, with longleaf pine [Pinus palustris], turkey oak [Quercus laevis], and wiregrass [Aristida stricta var. beyrichiana].",Plantae | Monocots | Poaceae,USA | Florida | Hillsborough Co.,,,170919,,,,,,,,,,USF,urn:lsid:biocol.org:col:15638,,,Plantae,,,,,,,,,"University of South Florida Ecological Research Area, Ca. 0.51 km ENE of the junction of Fletcher Avenue (C-582A) and 56th Street (FL 583); WNW of E gate ca. 200 m along main E-W dirt road, then S ca. 24 m into the NW corner of burn plot 1E.",,,,,,,,,,,,10,University of South Florida Ecological Research Area,,,,,ICN,,,6EE920F6-20D1-4947-A978-43ED20741C72,Sheet 1 of 2.,,,,,,,,,,,,Monocots,,,,99,A. C. Schmidt,,,,,Fertile,,,,,,Sorghastrum secundum,(Elliott) Nash,,,secundum,,Florida,,,,species,,,,,,,,,,,"Ca. 0.51 km ENE of the junction of Fletcher Avenue (C-582A) and 56th Street (FL 583); WNW of E gate ca. 200 m along main E-W dirt road, then S ca. 24 m into the NW corner of burn plot 1E.",,,,,,2001,,,,,,,,,,,,
f94afa4e-8ae9-4387-99d0-fc8e64dc5890,,,,,,,,,,,,,,en,,,,,,,PhysicalObject,,,"[{""coreid"": ""7720AE0A-5815-4CD0-9B0B-F35B41AB5148"", ""dwc:relatedResourceID"": ""urn:catalog:USF:Herb:158655"", ""dwc:relationshipOfResource"": ""sameAs""}]",,,,,,,,,,PreservedSpecimen,,,158655,,,Herb,,,,,USA,,Washington Co.,,,,Mar 1986,28,30.7732,-85.8141,,,,,,,,,,1981-09-28,,,,Poaceae,,,,,,,,Sorghastrum,,,,,,,,,,"Dry hilltop, oak scrub.",Plantae | Monocots | Poaceae,USA | Florida | Washington Co.,,,70409,,,,,S. L. Hatch,,,,,USF,urn:lsid:biocol.org:col:15638,,,Plantae,,,,,,,,,"Along C-279, 2.3 mi. N of the junction with C-280; ca. 3 mi. SE of Caryville. T4N, R15W, Sec. 30, NW¼ of NW¼.",,,,,,,,,,,,9,,,,,,ICN,,,7720AE0A-5815-4CD0-9B0B-F35B41AB5148,,,,,,,,,,,,,Monocots,,,,8793,B. F. Hansen,,,,,Fertile,,,,,,Sorghastrum secundum,(Elliott) Nash,,,secundum,,Florida,,,,species,,,,,,,,,,,"Along C-279, 2.3 mi. N of the junction with C-280; ca. 3 mi. SE of Caryville. T4N, R15W, Sec. 30, NW¼ of NW¼.",,,,,,1981,,,,,,,,,,,,
75f39ff5-f625-4081-97c5-33833688431d,,,,,,,,,,,,,,en,,,,,,,PhysicalObject,,,"[{""coreid"": ""36F83511-B1C9-4141-AA33-D5D516E5FF05"", ""dwc:relatedResourceID"": ""urn:catalog:USF:Herb:269355"", ""dwc:relationshipOfResource"": ""sameAs""}]",,,,,,,,,,PreservedSpecimen,,,269355,,,Herb,,,,,USA,,Highlands Co.,,,,Jul 2013,22,,,,,,,,,,,,2003-10-22,,,,Poaceae,,,,,,,,Sorghastrum,,,,,,,,,,Oak scrub.,Plantae | Monocots | Poaceae,USA | Florida | Highlands Co.,,,141137,,,,,B. F. Hansen,,,,,USF,urn:lsid:biocol.org:col:15638,,,Plantae,,,,,,,,,"Lake June-in-Winter Scrub State Park, Firelane, N end of park.  T37S, R29E, Sec. 4.",,,,,,,,,,,,10,Lake June-in-Winter Scrub State Park,,,,,ICN,,,36F83511-B1C9-4141-AA33-D5D516E5FF05,,,,,,,,,,,,,Monocots,,,,LJ0168,A. Bishop,,,,,Fertile,,,,,,Sorghastrum secundum,(Elliott) Nash,,,secundum,,Florida,,,,species,,,,,,,,,,,"Firelane, N end of park.  T37S, R29E, Sec. 4.",,,,,,2003,,,,,,,,,,,,
e7e87e0b-5f2c-4c51-b528-9a9e19b60f2a,,,,,,,,,,,,,,en,,,,,,,PhysicalObject,,,"[{""coreid"": ""1E4C0290-D4B8-47FC-9E11-0885D4702A96"", ""dwc:relatedResourceID"": ""urn:catalog:USF:Herb:38635"", ""dwc:relationshipOfResource"": ""sameAs""}]",,,,,,,,,,PreservedSpecimen,,,38635,,,Herb,,,,,USA,,Hernando Co.,,,,Mar 1986,27,28.5553,-82.3879,,"{""habit"":""Rachis interrupted; one plant noted.""}",,,,,,,,1961-07-27,,,,Poaceae,,,,,,,,Sorghastrum,,,,,,,,,,Pinelands trail with species of Digitaria.,Plantae | Monocots | Poaceae,USA | Florida | Hernando Co.,,,70462,,,,,S. L. Hatch,,,,,USF,urn:lsid:biocol.org:col:15638,,,Plantae,,,,,,,,,"Chinsegut Wildlife and Environmental Area, N of Chinsegut Hill along a trail; ca. 6 mi. N of Brooksville.",,,,,,,,,,,,7,Chinsegut Wildlife and Environmental Area,,,,,ICN,,,1E4C0290-D4B8-47FC-9E11-0885D4702A96,,,,,,,,,,,,,Monocots,,,,24501,O. K. Lakela,,,,,Fertile,,,,,,Sorghastrum secundum,(Elliott) Nash,,,secundum,,Florida,,,,species,,,,,,,,,,,N of Chinsegut Hill along a trail; ca. 6 mi. N of Brooksville.,,,,,,1961,,,,,,,,,,,,
7d2c7bd7-e3bc-44cc-ae87-2a14b258cbe6,,,,,,,,,,,,,,en,,,,,,,PhysicalObject,,,"[{""coreid"": ""5C0D0C30-9F40-461F-AB2B-1E88B7CBA078"", ""dwc:relatedResourceID"": ""urn:catalog:USF:Herb:203507"", ""dwc:relationshipOfResource"": ""sameAs""}]",,,,,,,,,,PreservedSpecimen,,,203507,,,Herb,,,,,USA,,Manatee Co.,,,,,24,27.5,-82.2833,,"{""habit"":""To 1 m tall; occasional.""}",,,,,,,,1990-10-24,,,,Poaceae,,,,,,,,Sorghastrum,,,,,,,,,,Mesic flatwoods.,Plantae | Monocots | Poaceae,USA | Florida | Manatee Co.,,,70599,,,,,,,,,,USF,urn:lsid:biocol.org:col:15638,,,Plantae,,,,,,,,,"Lake Manatee State Recreation Area, Burn zone 1. T34S, R20E, Sec. 31.",,,,,,,,,,,,10,Lake Manatee State Recreation Area,,,,,ICN,,,5C0D0C30-9F40-461F-AB2B-1E88B7CBA078,,,,,,,,,,,,,Monocots,,,,LM0008,J. Weber,,,,,Fertile,,,,,,Sorghastrum secundum,(Elliott) Nash,,,secundum,,Florida,,,,species,,,,,,,,,,,"Burn zone 1. T34S, R20E, Sec. 31.",,,,,,1990,,,,,,,,,,,,
a1f11401-09ef-41cc-9982-743a7b63dc55,,,,,,,,,,,,,,en,,,,,,,PhysicalObject,,,"[{""coreid"": ""27C26DA2-053D-4671-BB5D-2C7D52DEB98C"", ""dwc:relatedResourceID"": ""urn:catalog:USF:Herb:89701"", ""dwc:relationshipOfResource"": ""sameAs""}]",,,,,,,,,,PreservedSpecimen,,,89701,,,Herb,,,,,USA,,Jasper Co.,,,,Mar 1986,24,,,,,,,,,,,,1969-09-24,,,,Poaceae,,,,,,,,Sorghastrum,,,,,,,,,,,Plantae | Monocots | Poaceae,USA | South Carolina | Jasper Co.,,,181884,,,,,S. L. Hatch,,,,,USF,urn:lsid:biocol.org:col:15638,,,Plantae,,,,,,,,,"Tillman Ridge, 7.4 mi. NW of Tillman on C-119.",,,,,,,,,,,,9,,,,,,ICN,,,27C26DA2-053D-4671-BB5D-2C7D52DEB98C,,,,,,,,,,,,,Monocots,,,,2764,"S. W. Leonard, A. E. Radford",,,,,Fertile,,,,,,Sorghastrum secundum,(Elliott) Nash,,,secundum,,South Carolina,,,,species,,,,,,,,,,,"Tillman Ridge, 7.4 mi. NW of Tillman on C-119.",,,,,,1969,,,,,,,,,,,,
e139363f-dd2d-41d6-a3ad-7144d6906ce8,,,,,,,,,,,,,,en,,,,,,,PhysicalObject,,,"[{""coreid"": ""BAD8BD46-DC76-4F8D-AC48-DD958AE67647"", ""dwc:relatedResourceID"": ""urn:catalog:USF:Herb:136151"", ""dwc:relationshipOfResource"": ""sameAs""}]",,,,,,,,,,PreservedSpecimen,,,136151,,,Herb,,,,,USA,,Chatham Co.,,,,Mar 1986,13,,,,,,,,,,,,1959-09-13,,,,Poaceae,,,,,,,,Sorghastrum,,,,,,,,,,Sandy roadside.,Plantae | Monocots | Poaceae,USA | Georgia | Chatham Co.,,,181886,,,,,S. L. Hatch,,,,,USF,urn:lsid:biocol.org:col:15638,,,Plantae,,,,,,,,,"Savannah, 7 mi. W on 204.",,,,,,,,,,,,9,,,,,,ICN,,,BAD8BD46-DC76-4F8D-AC48-DD958AE67647,,,,,,,,,,,,,Monocots,,,,327,G. R. Swank,,,,,Fertile,,,,,,Sorghastrum secundum,(Elliott) Nash,,,secundum,,Georgia,,,,species,,,,,,,,,,,"Savannah, 7 mi. W on 204.",,,,,,1959,,,,,,,,,,,,
50d06de1-1cd5-47a6-9aa3-832458cfe161,,,,,,,,,,,,,,en,,,,,,,PhysicalObject,,,"[{""coreid"": ""2D9032F2-34B5-4FF8-B90A-B23CA52F1E09"", ""dwc:relatedResourceID"": ""urn:catalog:USF:Herb:229076"", ""dwc:relationshipOfResource"": ""sameAs""}]",,,,,,,,,,PreservedSpecimen,,,229076,,,Herb,,,,,USA,,Duval Co.,,,,,15,30.1322,-81.5392,,,,,,,,,,1992-10-15,,,,Poaceae,,,,,,,,Sorghastrum,,,,,,,,,,Powerline r-o-w through sandhills.,Plantae | Monocots | Poaceae,USA | Florida | Duval Co.,,,70415,,,,,,,,,,USF,urn:lsid:biocol.org:col:15638,,,Plantae,,,,,,,,,"Julington - Durbin Peninsula; powerline r-o-w; ca. 0.3 air mi. ESE of Old Augustine Road bridge over I-95, ca. 1.4 air mi. WSW of Bayard; ca. 18 air mi. SE of Jacksonville. T4S, R28E, Sec. 19, W½ of SW¼ and Sec. 30, W½ of NW¼.",,,,,,,,,,,,10,,,,,,ICN,,,2D9032F2-34B5-4FF8-B90A-B23CA52F1E09,,,,,,,,,,,,,Monocots,,,,21133,"S. L. Orzell, E.L. Bridges",,,,,Fertile,,,,,,Sorghastrum secundum,(Elliott) Nash,,,secundum,,Florida,,,,species,,,,,,,20-30 ft,,,,"Julington - Durbin Peninsula; powerline r-o-w; ca. 0.3 air mi. ESE of Old Augustine Road bridge over I-95, ca. 1.4 air mi. WSW of Bayard; ca. 18 air mi. SE of Jacksonville. T4S, R28E, Sec. 19, W½ of SW¼ and Sec. 30, W½ of NW¼.",,,,,,1992,,,,,,,,,,,,
645594e4-838c-49a5-8961-1eea2c22a92c,,,,,,,,,,,,,,en,,,,,,,PhysicalObject,,,"[{""coreid"": ""F8E06145-9E1B-4C8B-ACBF-0E4FCE40A3F1"", ""dwc:relatedResourceID"": ""urn:catalog:USF:Herb:291014"", ""dwc:relationshipOfResource"": ""sameAs""}]",,,,,,,,,,PreservedSpecimen,,,291014,,,Herb,,,,,USA,,Hillsborough Co.,,,,,09,28,-82,,,,,,,,,,2002-10-09,,,,Poaceae,,,,,,,,Sorghastrum,,,,,,,,,,Sandhill.,Plantae | Monocots | Poaceae,USA | Florida | Hillsborough Co.,,,221949,,,,,,,,,,USF,urn:lsid:biocol.org:col:15638,,,Plantae,,,,,,,,,"University of South Florida Ecological Research Area, E portion of sandhill burn area.",,,,,,,,,,,,10,University of South Florida Ecological Research Area,,,,,ICN,,,F8E06145-9E1B-4C8B-ACBF-0E4FCE40A3F1,,,,,,,,,,,,,Monocots,,,,405,"J. M. Kunzer, A.C. Schmidt, E.M. Ferguson",,,,,Fertile,,,,,,Sorghastrum secundum,(Elliott) Nash,,,secundum,,Florida,,,,species,,,,,,,,,,,E portion of sandhill burn area.,,,,,,2002,,,,,,,,,,,,
244c8b33-f9ed-4a76-a2d6-da2b616ef42e,,,,,,,,,,,,,,en,,,,,,,PhysicalObject,,,"[{""coreid"": ""E6B4FE1F-5A2F-4529-8F84-C1C33FD59464"", ""dwc:relatedResourceID"": ""urn:catalog:USF:Herb:53603"", ""dwc:relationshipOfResource"": ""sameAs""}]",,,,,,,,,,PreservedSpecimen,,,53603,,,Herb,,,,,USA,,Collier Co.,,,,Mar 1986,10,26.142,-81.7948,,"{""habit"":""Spikes secund; awn twice geniculate.""}",,,,,,,,1962-10-10,,,,Poaceae,,,,,,,,Sorghastrum,,,,,,,,,,Margin of sand scrub.,Plantae | Monocots | Poaceae,USA | Florida | Collier Co.,,,70413,,,,,S. L. Hatch,,,,,USF,urn:lsid:biocol.org:col:15638,,,Plantae,,,,,,,,,"Ca. 9 mi. S of Naples, off US 41.",,,,,,,,,,,,10,,,,,,ICN,,,E6B4FE1F-5A2F-4529-8F84-C1C33FD59464,,,,,,,,,,,,,Monocots,,,,9084,"G. R. Cooley, R.J. Eaton, O.K. Lakela",,,,,Fertile,,,,,,Sorghastrum secundum,(Elliott) Nash,,,secundum,,Florida,,,,species,,,,,,,,,,,"Ca. 9 mi. S of Naples, off US 41.",,,,,,1962,,,,,,,,,,,,
7217a42d-08d5-4b18-946d-b3e5669aeb6c,,,,,,,,,,,,,,en,,,,,,,PhysicalObject,,,"[{""coreid"": ""B39664B8-B9FB-453D-9CDF-6CB7319316FF"", ""dwc:relatedResourceID"": ""urn:catalog:USF:Herb:160733"", ""dwc:relationshipOfResource"": ""sameAs""}]",,,,,,,,,,PreservedSpecimen,,,160733,,,Herb,,,,,USA,,Highlands Co.,,,,Mar 1986,02,27.4956,-81.4409,,"{""habit"":""In large clumps.""}",,,,,,,,1981-10-02,,,,Poaceae,,,,,,,,Sorghastrum,,,,,,,,,,In sandy soil on the edge of an orange [Citrus] grove.,Plantae | Monocots | Poaceae,USA | Florida | Highlands Co.,,,70440,,,,,S. L. Hatch,,,,,USF,urn:lsid:biocol.org:col:15638,,,Plantae,,,,,,,,,"Off US 27, S of Sebring.",,,,,,,,,,,,10,,,,,,ICN,,,B39664B8-B9FB-453D-9CDF-6CB7319316FF,,,,,,,,,,,,,Monocots,,,,52710,"D. S. Correll, H.B. Correll",,,,,Fertile,,,,,,Sorghastrum secundum,(Elliott) Nash,,,secundum,,Florida,,,,species,,,,,,,,,,,"Off US 27, S of Sebring.",,,,,,1981,,,,,,,,,,,,
b50ca88e-37a8-4eb8-bc52-cd17790208cd,,,,,,,,,,,,,,en,,,,,,,PhysicalObject,,,"[{""coreid"": ""355957DB-AF2A-4AA7-8D43-E60D0D7B99D3"", ""dwc:relatedResourceID"": ""urn:catalog:USF:Herb:24809"", ""dwc:relationshipOfResource"": ""sameAs""}]",,,,,,,,,,PreservedSpecimen,,,24809,,,Herb,,,,,USA,,Osceola Co.,,,,Mar 1986,14,28.242,-81.5667,,,,,,,,,,1960-10-14,,,,Poaceae,,,,,,,,Sorghastrum,,,,,,,,,,"Longleaf pine [Pinus palustris] - turkey oak [Quercus laevis] sandhill with Quercus geminata, Q. laevis, Carya floridana, Crataegus, Chrysopsis, Liatris, Aristida, Balduina, Carphephorus, Penstemon, Andropogon, Polygonella and Pinus clausa.",Plantae | Monocots | Poaceae,USA | Florida | Osceola Co.,,,70417,,,,,S. L. Hatch,,,,,USF,urn:lsid:biocol.org:col:15638,,,Plantae,,,,,,,,,"Ca. 5 mi. NW of Loughman, S of Bunker Hill by ca. 1.3 mi.",,,,,,,,,,,,10,,,,,,ICN,,,355957DB-AF2A-4AA7-8D43-E60D0D7B99D3,Duplicate verified by J.R. Swallen.,,,,,,,,,,,,Monocots,,,,10426,"J. D. Ray, Jr., O.K. Lakela, J. Patman",,,,,Fertile,,,,,,Sorghastrum secundum,(Elliott) Nash,,,secundum,,Florida,,,,species,,,,,,,,,,,"Ca. 5 mi. NW of Loughman, S of Bunker Hill by ca. 1.3 mi.",,,,,,1960,,,,,,,,,,,,
1c36bc0f-7880-4c5b-a761-254b2f47ebe6,,,,,,,,,,,,,,en,,,,,,,PhysicalObject,,,"[{""coreid"": ""61FA4A67-E37F-427B-B145-D7A2DEC87D39"", ""dwc:relatedResourceID"": ""urn:catalog:USF:Herb:135204"", ""dwc:relationshipOfResource"": ""sameAs""}]",,,,,,,,,,PreservedSpecimen,,,135204,,,Herb,,,,,USA,,Hillsborough Co.,,,,Mar 1986,29,28,-82,,"{""habit"":""Frequent; brown flowers.""}",,,,,,,,1977-09-29,,,,Poaceae,,,,,,,,Sorghastrum,,,,,,,,,,Pinewoods and turkey oaks [Quercus laevis].,Plantae | Monocots | Poaceae,USA | Florida | Hillsborough Co.,,,70458,,,,,S. L. Hatch,,,,,USF,urn:lsid:biocol.org:col:15638,,,Plantae,,,,,,,,,University of South Florida Ecological Area.,,,,,,,,,,,,9,,,,,,ICN,,,61FA4A67-E37F-427B-B145-D7A2DEC87D39,,,,,,,,,,,,,Monocots,,,,8,S. Funk,,,,,Fertile,,,,,,Sorghastrum secundum,(Elliott) Nash,,,secundum,,Florida,,,,species,,,,,,,,,,,University of South Florida Ecological Area.,,,,,,1977,,,,,,,,,,,,
ccd827b0-837a-475c-b2f1-e4ae5450d3bf,,,,,,,,,,,,,,en,,,,,,,PhysicalObject,,,"[{""coreid"": ""2A8454A4-7846-4AED-8CBD-8947529C956B"", ""dwc:relatedResourceID"": ""urn:catalog:USF:Herb:252866"", ""dwc:relationshipOfResource"": ""sameAs""}]",,,,,,,,,,PreservedSpecimen,,,252866,,,Herb,,,,,USA,,Brevard Co.,,,,,13,,,,,,,,,,,,2004-10-13,,,,Poaceae,,,,,,,,Sorghastrum,,,,,,,,,,Scrub ridge.,Plantae | Monocots | Poaceae,USA | Florida | Brevard Co.,,,70485,,,,,,,,,,USF,urn:lsid:biocol.org:col:15638,,,Plantae,,,,,,,,,"Enchanted Forest Sanctuary, N of FL 405, W of US 1; along the E side of Ridge Trail.",,,,,,,,,,,,10,Enchanted Forest Sanctuary,,,,,ICN,,,2A8454A4-7846-4AED-8CBD-8947529C956B,,,,,,,,,,,,,Monocots,,,,04-573,"P. A. Schmalzer, T.E. Foster",,,,,Fertile,,,,,,Sorghastrum secundum,(Elliott) Nash,,,secundum,,Florida,,,,species,,,,,,,,,,,"N of FL 405, W of US 1; along the E side of Ridge Trail.",,,,,,2004,,,,,,,,,,,,
a666e8ed-c264-4798-b8a2-c475757f6ba1,,,,,,,,,,,,,,en,,,,,,,PhysicalObject,,,"[{""coreid"": ""6D93E85B-05B5-4389-89CE-3E80AE8A2549"", ""dwc:relatedResourceID"": ""urn:catalog:USF:Herb:188794"", ""dwc:relationshipOfResource"": ""sameAs""}]",,,,,,,,,,PreservedSpecimen,,,188794,,,Herb,,,,,USA,,Okeechobee Co.,,,,,26,28.7833,-81.05,,,,,,,,,,1985-09-26,,,,Poaceae,,,,,,,,Sorghastrum,,,,,,,,,,Dry pineland.,Plantae | Monocots | Poaceae,USA | Florida | Okeechobee Co.,,,70486,,,,,,,,,,USF,urn:lsid:biocol.org:col:15638,,,Plantae,,,,,,,,,"2.1 mi. SW of the Osceola County line on US 441. T35S, R35E, Sec. 7.",,,,,,,,,,,,9,,,,,,ICN,,,6D93E85B-05B5-4389-89CE-3E80AE8A2549,,,,,,,,,,,,,Monocots,,,,10057,"R. P. Wunderlin, B.F. Hansen, C. vanHoek",,,,,Fertile,,,,,,Sorghastrum secundum,(Elliott) Nash,,,secundum,,Florida,,,,species,,,,,,,,,,,"2.1 mi. SW of the Osceola County line on US 441. T35S, R35E, Sec. 7.",,,,,,1985,,,,,,,,,,,,
f2fedfe7-88eb-4353-958d-fbdebd18e203,,,,,,,,,,,,,,en,,,,,,,PhysicalObject,,,"[{""coreid"": ""7847D1EC-215D-44E9-8490-25D89981B186"", ""dwc:relatedResourceID"": ""urn:catalog:USF:Herb:246100"", ""dwc:relationshipOfResource"": ""sameAs""}]",,,,,,,,,,PreservedSpecimen,,,246100,,,Herb,,,,,USA,,Sarasota Co.,,,,,08,27.1175,-82.3278,,,,,,,,,,2007-10-08,,,,Poaceae,,,,,,,,Sorghastrum,,,,,,,,,,Scrubby flatwoods.,Plantae | Monocots | Poaceae,USA | Florida | Sarasota Co.,,,70441,,,,,,,,,,USF,urn:lsid:biocol.org:col:15638,,,Plantae,,,,,,,,,"Deer Prairie Creek Preserve, Churchill Ranch on Border Road, ca. 2.3 km ENE of the I-75 and C-777 (River Road) junction. T39S, R20E, Sec. 5.",,,,,,,,,,,,10,Deer Prairie Creek Preserve,,,,,ICN,,,7847D1EC-215D-44E9-8490-25D89981B186,,,,,,,,,,,,,Monocots,,,,425,A. R. Franck,,,,,Fertile,,,,,,Sorghastrum secundum,(Elliott) Nash,,,secundum,,Florida,,,,species,,,,,,,,,,,"Churchill Ranch on Border Road, ca. 2.3 km ENE of the I-75 and C-777 (River Road) junction. T39S, R20E, Sec. 5.",,,,,,2007,,,,,,,,,,,,
55c605e1-e0ca-4bed-949c-9ebf906da548,,,,,,,,,,,,,,en,,,,,,,PhysicalObject,,,"[{""coreid"": ""2EFF2B44-F1BF-4A65-B833-60969DC3DAB2"", ""dwc:relatedResourceID"": ""urn:catalog:USF:Herb:256074"", ""dwc:relationshipOfResource"": ""sameAs""}]",,,,,,,,,,PreservedSpecimen,,,256074,,,Herb,,,,,USA,,Charlotte Co.,,,,,30,26.9978,-81.9811,,,,,,,,,,2010-10-30,,,,Poaceae,,,,,,,,Sorghastrum,,,,,,,,,,Powerline right-of-way through flatwoods.,Plantae | Monocots | Poaceae,USA | Florida | Charlotte Co.,,,86828,,,,,,,,,,USF,urn:lsid:biocol.org:col:15638,,,Plantae,,,,,,,,,"Prairie/Shell Creek (Southwest Florida Water Management District property); 2.2 km W of US 17, 0.2 km S of Royal Palm Drive.",,,,,,,,,,,,10,,,,,,ICN,,,2EFF2B44-F1BF-4A65-B833-60969DC3DAB2,,,,,,,,,,,,,Monocots,,,,2400,A. R. Franck,,,,,Fertile,,,,,,Sorghastrum secundum,(Elliott) Nash,,,secundum,,Florida,,,,species,,,,,,,,,,,"Prairie/Shell Creek (Southwest Florida Water Management District property); 2.2 km W of US 17, 0.2 km S of Royal Palm Drive.",,,,,,2010,,,,,,,,,,,,
b674322c-4149-4f5c-ac29-66e809449682,,,,,,,,,,,,,,en,,,,,,,PhysicalObject,,,"[{""coreid"": ""F995AFE4-DF37-4194-B26D-BC358FD762D4"", ""dwc:relatedResourceID"": ""urn:catalog:USF:Herb:211577"", ""dwc:relationshipOfResource"": ""sameAs""}]",,,,,,,,,,PreservedSpecimen,,,211577,,,Herb,,,,,USA,,Lake Co.,,,,,09,28.6833,-81.5333,,,,,,,,,,1992-10-09,,,,Poaceae,,,,,,,,Sorghastrum,,,,,,,,,,,Plantae | Monocots | Poaceae,USA | Florida | Lake Co.,,,70596,,,,,,,,,,USF,urn:lsid:biocol.org:col:15638,,,Plantae,,,,,,,,,Mt. Plymouth.,,,,,,,,,,,,10,,,,,,ICN,,,F995AFE4-DF37-4194-B26D-BC358FD762D4,,,,,,,,,,,,,Monocots,,,,s.n.,"R. F. Daubenmire, J. Daubenmire",,,,,Fertile,,,,,,Sorghastrum secundum,(Elliott) Nash,,,secundum,,Florida,,,,species,,,,,,,,,,,Mt. Plymouth.,,,,,,1992,,,,,,,,,,,,
8949b62b-d516-4f2b-a2a9-767c37d1ba34,,,,,,,,,,,,,,en,,,,,,,PhysicalObject,,,"[{""coreid"": ""5ED590C3-4758-465E-8786-343E308AC100"", ""dwc:relatedResourceID"": ""urn:catalog:USF:Herb:132571"", ""dwc:relationshipOfResource"": ""sameAs""}]",,,,,,,,,,PreservedSpecimen,,,132571,,,Herb,,,,,USA,,Charlotte Co.,,,,Mar 1986,27,,,,"{""habit"":""1 m tall.""}",,,,,,,,1977-11-27,,,,Poaceae,,,,,,,,Sorghastrum,,,,,,,,,,Roadside ditch.,Plantae | Monocots | Poaceae,USA | Florida | Charlotte Co.,,,70479,,,,,S. L. Hatch,,,,,USF,urn:lsid:biocol.org:col:15638,,,Plantae,,,,,,,,,25 [?] S on FL 31.,,,,,,,,,,,,11,,,,,,ICN,,,5ED590C3-4758-465E-8786-343E308AC100,,,,,,,,,,,,,Monocots,,,,132,A. Fulton,,,,,Fertile,,,,,,Sorghastrum secundum,(Elliott) Nash,,,secundum,,Florida,,,,species,,,,,,,,,,,25 [?] S on FL 31.,,,,,,1977,,,,,,,,,,,,
788c1c8a-716c-46dd-94cc-fb573c6ed38e,,,,,,,,,,,,,,en,,,,,,,PhysicalObject,,,"[{""coreid"": ""1EC39A97-450F-4606-B58D-0C9B56603F9D"", ""dwc:relatedResourceID"": ""urn:catalog:USF:Herb:239345"", ""dwc:relationshipOfResource"": ""sameAs""}]",,,,,,,,,,PreservedSpecimen,,,239345,,,Herb,,,,,USA,,Miami-Dade Co.,,,,,09,25.6239,-80.3083,,,,,,,,,,1994-09-09,,,,Poaceae,,,,,,,,Sorghastrum,,,,,,,,,,Pine rockland savanna.,Plantae | Monocots | Poaceae,USA | Florida | Miami-Dade Co.,,,70407,,,,,,,,,,USF,urn:lsid:biocol.org:col:15638,,,Plantae,,,,,,,,,"Ca. 0.5 mi. S of the SW 152 Street (Coral Reef Drive) and SW 72 Avenue junction, ca. 0.2 mi. E of Old Cutler Road, ca. 3 air mi. NE of Perrine; Deering Estate. T55S, R40E, Sec. 26, SW¼ of NE¼.",,,,,,,,,,,,9,,,,,,ICN,,,1EC39A97-450F-4606-B58D-0C9B56603F9D,,,,,,,,,,,,,Monocots,,,,23182,"S. L. Orzell, E.L. Bridges",,,,,Fertile,,,,,,Sorghastrum secundum,(Elliott) Nash,,,secundum,,Florida,,,,species,,,,,,,,,,,"Ca. 0.5 mi. S of the SW 152 Street (Coral Reef Drive) and SW 72 Avenue junction, ca. 0.2 mi. E of Old Cutler Road, ca. 3 air mi. NE of Perrine; Deering Estate. T55S, R40E, Sec. 26, SW¼ of NE¼.",,,,,,1994,,,,,,,,,,,,
2cda2ee7-8105-495e-ae08-2e67de24d9a3,,,,,,,,,,,,,,en,,,,,,,PhysicalObject,,,"[{""coreid"": ""C234DFB3-BA0F-495E-930F-C651300E5FD2"", ""dwc:relatedResourceID"": ""urn:catalog:USF:Herb:36074"", ""dwc:relationshipOfResource"": ""sameAs""}]",,,,,,,,,,PreservedSpecimen,,,36074,,,Herb,,,,,USA,,Walton Co.,,,,Mar 1986,23,,,,,,,,,,,,1956-09-23,,,,Poaceae,,,,,,,,Sorghastrum,,,,,,,,,,Scrub oak barrens.,Plantae | Monocots | Poaceae,USA | Florida | Walton Co.,,,70426,,,,,S. L. Hatch,,,,,USF,urn:lsid:biocol.org:col:15638,,,Plantae,,,,,,,,,"At Mossy Head, W of DeFuniak Springs.",,,,,,,,,,,,9,,,,,,ICN,,,C234DFB3-BA0F-495E-930F-C651300E5FD2,,,,,,,,,,,,,Monocots,,,,55138,"R. K. Godfrey, R. Kral",,,,,Fertile,,,,,,Sorghastrum secundum,(Elliott) Nash,,,secundum,,Florida,,,,species,,,,,,,,,,,"At Mossy Head, W of DeFuniak Springs.",,,,,,1956,,,,,,,,,,,,
b6de865e-f332-4b8d-a826-4bbb8f39f638,,,,,,,,,,,,,,en,,,,,,,PhysicalObject,,,"[{""coreid"": ""C139D71D-237F-4FFE-9F88-22180EEAC3DA"", ""dwc:relatedResourceID"": ""urn:catalog:USF:Herb:204891"", ""dwc:relationshipOfResource"": ""sameAs""}]",,,,,,,,,,PreservedSpecimen,,,204891,,,Herb,,,,,USA,,Manatee Co.,,,,,30,27.4989,-82.5748,,,,,,,,,,1991-10-30,,,,Poaceae,,,,,,,,Sorghastrum,,,,,,,,,,,Plantae | Monocots | Poaceae,USA | Florida | Manatee Co.,,,70465,,,,,,,,,,USF,urn:lsid:biocol.org:col:15638,,,Plantae,,,,,,,,,"Lake Manatee State Recreation Area, Along the N side of FL 64 around the entrance to the recreation area, ca. 15 mi. E of Bradenton. T34S, R20E, Sec. 31, SW¼ of SW¼.",,,,,,,,,,,,10,Lake Manatee State Recreation Area,,,,,ICN,,,C139D71D-237F-4FFE-9F88-22180EEAC3DA,,,,,,,,,,,,,Monocots,,,,12038,"B. F. Hansen, R.P. Wunderlin",,,,,Fertile,,,,,,Sorghastrum secundum,(Elliott) Nash,,,secundum,,Florida,,,,species,,,,,,,,,,,"Along the N side of FL 64 around the entrance to the recreation area, ca. 15 mi. E of Bradenton. T34S, R20E, Sec. 31, SW¼ of SW¼.",,,,,,1991,,,,,,,,,,,,
0c2b7b1c-5cbf-4443-a22e-aa9cf8d659b3,,,,,,,,,,,,,,en,,,,,,,PhysicalObject,,,"[{""coreid"": ""71984445-0972-4B3B-BEA0-75EA7DB7675B"", ""dwc:relatedResourceID"": ""urn:catalog:USF:Herb:168213"", ""dwc:relationshipOfResource"": ""sameAs""}]",,,,,,,,,,PreservedSpecimen,,,168213,,,Herb,,,,,USA,,Collier Co.,,,,,17,30.2,-85.6167,,,,,,,,,,1981-09-17,,,,Poaceae,,,,,,,,Sorghastrum,,,,,,,,,,Dry woods and pineland.,Plantae | Monocots | Poaceae,USA | Florida | Collier Co.,,,70493,,,,,,,,,,USF,urn:lsid:biocol.org:col:15638,,,Plantae,,,,,,,,,"Rookery Bay National Estuarine Sanctuary, E end of the property E of Powerline Road. T50S, R25E, Sec. 36, SE¼ of NE¼.",,,,,,,,,,,,9,Rookery Bay National Estuarine Sanctuary,,,,,ICN,,,71984445-0972-4B3B-BEA0-75EA7DB7675B,,,,,,,,,,,,,Monocots,,,,9391,"R. P. Wunderlin, A. Robinson, K. Thoemke",,,,,Fertile,,,,,,Sorghastrum secundum,(Elliott) Nash,,,secundum,,Florida,,,,species,,,,,,,,,,,"E end of the property E of Powerline Road. T50S, R25E, Sec. 36, SE¼ of NE¼.",,,,,,1981,,,,,,,,,,,,
e77435b1-5596-4d79-961f-f2677e57dd70,,,,,,,,,,,,,,en,,,,,,,PhysicalObject,,,"[{""coreid"": ""8704D57F-8401-4D99-80C6-33F4F206973D"", ""dwc:relatedResourceID"": ""urn:catalog:USF:Herb:20320"", ""dwc:relationshipOfResource"": ""sameAs""}]",,,,,,,,,,PreservedSpecimen,,,20320,,,Herb,,,,,USA,,Hillsborough Co.,,,,Mar 1986,02,27.9475,-82.4584,,"{""habit"":""Panicles definitely unilateral before drying, on drying the pedicels are flexuous as in S. elliottii.""}",,,,,,,,1960-10-02,,,,Poaceae,,,,,,,,Sorghastrum,,,,,,,,,,Sandhill.,Plantae | Monocots | Poaceae,USA | Florida | Hillsborough Co.,,,70406,,,,,S. L. Hatch,,,,,USF,urn:lsid:biocol.org:col:15638,,,Plantae,,,,,,,,,Tampa; University of South Florida Arboretum grounds.,,,,,,,,,,,,10,,,,,,ICN,,,8704D57F-8401-4D99-80C6-33F4F206973D,,,,,,,,,,,,,Monocots,,,,23401,O. K. Lakela,,,,,,,,,,,Sorghastrum secundum,(Elliott) Nash,,,secundum,,Florida,,,,species,,,,,,,,,,,Tampa; University of South Florida Arboretum grounds.,,,,,,1960,,,,,,,,,,,,
25bbda98-c2d6-4769-813a-f28413ec2826,,,,,,,,,,,,,,en,,,,,,,PhysicalObject,,,"[{""coreid"": ""19540C51-EB45-4A01-A8B2-9B92B62D75B2"", ""dwc:relatedResourceID"": ""urn:catalog:USF:Herb:144491"", ""dwc:relationshipOfResource"": ""sameAs""}]",,,,,,,,,,PreservedSpecimen,,,144491,,,Herb,,,,,USA,,Flagler Co.,,,,Mar 1986,12,29.4661,-81.2578,,,,,,,,,,1979-10-12,,,,Poaceae,,,,,,,,Sorghastrum,,,,,,,,,,Roadside ditch in pine flatwoods.,Plantae | Monocots | Poaceae,USA | Florida | Flagler Co.,,,70603,,,,,S. L. Hatch,,,,,USF,urn:lsid:biocol.org:col:15638,,,Plantae,,,,,,,,,"Along S side of FL 100, 3.4 mi W of Bunnell. T12S, R29E, Sec. 12, SE¼ of SE¼.",,,,,,,,,,,,10,,,,,,ICN,,,19540C51-EB45-4A01-A8B2-9B92B62D75B2,,,,,,,,,,,,,Monocots,,,,6671,"B. F. Hansen, R.P. Wunderlin, R.P. Sauleda, D. Richardson",,,,,Fertile,,,,,,Sorghastrum secundum,(Elliott) Nash,,,secundum,,Florida,,,,species,,,,,,,,,,,"Along S side of FL 100, 3.4 mi W of Bunnell. T12S, R29E, Sec. 12, SE¼ of SE¼.",,,,,,1979,,,,,,,,,,,,
5a1f3cc2-0016-4f9d-86f0-130bfe10ac16,,,,,,,,,,,,,,en,,,,,,,PhysicalObject,,,"[{""coreid"": ""3A2FC5E5-6A4E-4CF6-AD09-AAB7D085D5DE"", ""dwc:relatedResourceID"": ""urn:catalog:USF:Herb:115836"", ""dwc:relationshipOfResource"": ""sameAs""}]",,,,,,,,,,PreservedSpecimen,,,115836,,,Herb,,,,,USA,,Hillsborough Co.,,,,Mar 1986,16,28,-82,,,,,,,,,,1974-10-16,,,,Poaceae,,,,,,,,Sorghastrum,,,,,,,,,,,Plantae | Monocots | Poaceae,USA | Florida | Hillsborough Co.,,,70483,,,,,S. L. Hatch,,,,,USF,urn:lsid:biocol.org:col:15638,,,Plantae,,,,,,,,,University of South Florida Ecological Research Area,,,,,,,,,,,,10,University of South Florida Ecological Research Area,,,,,ICN,,,3A2FC5E5-6A4E-4CF6-AD09-AAB7D085D5DE,,,,,,,,,,,,,Monocots,,,,18,"P.C. Hilsenbeck, R. Stenholm",,,,,,,,,,,Sorghastrum secundum,(Elliott) Nash,,,secundum,,Florida,,,,species,,,,,,,,,,,,,,,,,1974,,,,,,,,,,,,
cbc81ab5-2298-4286-b91d-5f02cd7d2858,,,,,,,,,,,,,,en,,,,,,,PhysicalObject,,,"[{""coreid"": ""2E4FF0C4-8DC1-4618-B86B-8EE9E2DCA0FE"", ""dwc:relatedResourceID"": ""urn:catalog:USF:Herb:231527"", ""dwc:relationshipOfResource"": ""sameAs""}]",,,,,,,,,,PreservedSpecimen,,,231527,,,Herb,,,,,USA,,Sumter Co.,,,,,20,28.7,-82.0833,,,,,,,,,,2001-10-20,,,,Poaceae,,,,,,,,Sorghastrum,,,,,,,,,,Longleaf pine [Pinus palustris] - turkey oak [Quercus laevis] sandhills.,Plantae | Monocots | Poaceae,USA | Florida | Sumter Co.,,,70468,,,,,,,,,,USF,urn:lsid:biocol.org:col:15638,,,Plantae,,,,,,,,,"Just S of the Sumter / Marion County line where it skirts the Marion Oaks community, 0.1-0.2 km W of a NW to SE running powerline r-o-w, 8 km SW of Pedro.",,,,,,,,,,,,10,,,,,,ICN,,,2E4FF0C4-8DC1-4618-B86B-8EE9E2DCA0FE,,,,,,,,,,,,,Monocots,,,,2878,M. T. Strong,,,,,Fertile,,,,,,Sorghastrum secundum,(Elliott) Nash,,,secundum,,Florida,,,,species,,,,,,,,,,,"Just S of the Sumter / Marion County line where it skirts the Marion Oaks community, 0.1-0.2 km W of a NW to SE running powerline r-o-w, 8 km SW of Pedro.",,,,,,2001,,,,,,,,,,,,
7d53568e-0c8d-4c0b-b8f3-af4eb1fcd889,,,,,,,,,,,,,,en,,,,,,,PhysicalObject,,,"[{""coreid"": ""C36A6052-160D-439B-96E5-1D6F26A39864"", ""dwc:relatedResourceID"": ""urn:catalog:USF:Herb:8444"", ""dwc:relationshipOfResource"": ""sameAs""}]",,,,,,,,,,PreservedSpecimen,,,8444,,,Herb,,,,,USA,,McIntosh Co.,,,,Mar 1986,17,,,,"{""habit"":""Plants to 215 cm tall; inflorescence 46 cm long; culms solitary or in clumps to 65 and about 25 cm diameter at base.""}",,,,,,,,1956-10-17,,,,Poaceae,,,,,,,,Sorghastrum,,,,,,,,,,Open live oak-pine woods.,Plantae | Monocots | Poaceae,USA | Georgia | McIntosh Co.,,,181894,,,,,S. L. Hatch,,,,,USF,urn:lsid:biocol.org:col:15638,,,Plantae,,,,,,,,,W side of Sapelo Island about 2.3 mi. W of S tip of Blackbeard Island.,,,,,,,,,,,,10,,,,,,ICN,,,C36A6052-160D-439B-96E5-1D6F26A39864,,,,,,,,,,,,,Monocots,,,,20663,W. H. Duncan,,,,,Fertile,,,,,,Sorghastrum secundum,(Elliott) Nash,,,secundum,,Georgia,,,,species,,,,,,,,,,,W side of Sapelo Island about 2.3 mi. W of S tip of Blackbeard Island.,,,,,,1956,,,,,,,,,,,,
46113ce8-f2e3-4433-be0f-69293968323e,,,,,,,,,,,,,,en,,,,,,,PhysicalObject,,,"[{""coreid"": ""42292A8B-FC8B-4C80-879D-D59789C5B8A2"", ""dwc:relatedResourceID"": ""urn:catalog:USF:Herb:161011"", ""dwc:relationshipOfResource"": ""sameAs""}]",,,,,,,,,,PreservedSpecimen,,,161011,,,Herb,,,,,USA,,Volusia Co.,,,,Mar 1986,04,,,,"{""habit"":""In clumps.""}",,,,,,,,1981-10-04,,,,Poaceae,,,,,,,,Sorghastrum,,,,,,,,,,Edge of woods.,Plantae | Monocots | Poaceae,USA | Florida | Volusia Co.,,,70390,,,,,S. L. Hatch,,,,,USF,urn:lsid:biocol.org:col:15638,,,Plantae,,,,,,,,,Near Tomake Farms Settlement.,,,,,,,,,,,,10,,,,,,ICN,,,42292A8B-FC8B-4C80-879D-D59789C5B8A2,,,,,,,,,,,,,Monocots,,,,52757,"D. S. Correll, H.B. Correll",,,,,Fertile,,,,,,Sorghastrum secundum,(Elliott) Nash,,,secundum,,Florida,,,,species,,,,,,,,,,,Near Tomake Farms Settlement.,,,,,,1981,,,,,,,,,,,,
2defecaf-80ac-496a-baad-78be0674012e,,,,,,,,,,,,,,en,,,,,,,PhysicalObject,,,"[{""coreid"": ""C24D6644-004F-4A94-9D98-7DAB42F61229"", ""dwc:relatedResourceID"": ""urn:catalog:USF:Herb:226081"", ""dwc:relationshipOfResource"": ""sameAs""}]",,,,,,,,,,PreservedSpecimen,,,226081,,,Herb,,,,,USA,,Broward Co.,,,,,26,25.9873,-80.2323,,,,,,,,,,1999-11-26,,,,Poaceae,,,,,,,,Sorghastrum,,,,,,,,,,,Plantae | Monocots | Poaceae,USA | Florida | Broward Co.,,,70451,,,,,,,,,,USF,urn:lsid:biocol.org:col:15638,,,Plantae,,,,,,,,,"Snake Creek Natural Area, Miramar. T51S, R41E, Sec. 28.",,,,,,,,,,,,11,Snake Creek Natural Area,,,,,ICN,,,C24D6644-004F-4A94-9D98-7DAB42F61229,,,,,,,,,,,,,Monocots,,,,130,P. L. Howell,,,,,Fertile,,,,,,Sorghastrum secundum,(Elliott) Nash,,,secundum,,Florida,,,,species,,,,,,,,,,,"Miramar. T51S, R41E, Sec. 28.",,,,,,1999,,,,,,,,,,,,
3d946cc2-b900-4b42-b56b-8acd4eb102ef,,,,,,,,,,,,,,en,,,,,,,PhysicalObject,,,"[{""coreid"": ""2B62C190-8BA7-4960-B083-5FE87D26A7E7"", ""dwc:relatedResourceID"": ""urn:catalog:USF:Herb:251907"", ""dwc:relationshipOfResource"": ""sameAs""}]",,,,,,,,,,PreservedSpecimen,,,251907,,,Herb,,,,,USA,,Highlands Co.,,,,,04,28.291,-81.407,,,,,,,,,,1996-10-04,,,,Poaceae,,,,,,,,Sorghastrum,,,,,,,,,,Burned mesic prairie.,Plantae | Monocots | Poaceae,USA | Florida | Highlands Co.,,,70414,,,,,,,,,,USF,urn:lsid:biocol.org:col:15638,,,Plantae,,,,,,,,,"Avon Park Air Force Range, S of Kissimmee Road, ca. 1.2 mi. E of Ebersbach Road, on O.Q. Range. T33S, R30E, Sec. 8, NE¼ of NE¼ of NE¼.",,,,,,,,,,,,10,Avon Park Air Force Range,,,,,ICN,,,2B62C190-8BA7-4960-B083-5FE87D26A7E7,,,,,,,,,,,,,Monocots,,,,742,"C. vanHoek, B. Wargo",,,,,Fertile,,,,,,Sorghastrum secundum,(Elliott) Nash,,,secundum,,Florida,,,,species,,,,,,,,,,,"S of Kissimmee Road, ca. 1.2 mi. E of Ebersbach Road, on O.Q. Range. T33S, R30E, Sec. 8, NE¼ of NE¼ of NE¼.",,,,,,1996,,,,,,,,,,,,
d624cc29-feaf-4640-b52d-f337b794c78f,,,,,,,,,,,,,,en,,,,,,,PhysicalObject,,,"[{""coreid"": ""866F20EB-1702-479C-A238-A1B91D075E16"", ""dwc:relatedResourceID"": ""urn:catalog:USF:Herb:52081"", ""dwc:relationshipOfResource"": ""sameAs""}]",,,,,,,,,,PreservedSpecimen,,,52081,,,Herb,,,,,USA,,Martin Co.,,,,Mar 1986,29,,,,"{""habit"":""Awn bent twice.""}",,,,,,,,1962-09-29,,,,Poaceae,,,,,,,,Sorghastrum,,,,,,,,,,Seasonally wet pine flatwoods and  palmetto [Serenoa repens]; sandy peat dominated by grasses.,Plantae | Monocots | Poaceae,USA | Florida | Martin Co.,,,70454,,,,,S. L. Hatch,,,,,USF,urn:lsid:biocol.org:col:15638,,,Plantae,,,,,,,,,"S of Salerno Junction, off US 1 on the W side of the canal.",,,,,,,,,,,,9,,,,,,ICN,,,866F20EB-1702-479C-A238-A1B91D075E16,,,,,,,,,,,,,Monocots,,,,25396,O. K. Lakela,,,,,Fertile,,,,,,Sorghastrum secundum,(Elliott) Nash,,,secundum,,Florida,,,,species,,,,,,,,,,,"S of Salerno Junction, off US 1 on the W side of the canal.",,,,,,1962,,,,,,,,,,,,
fbc40b62-1d2a-4a53-a468-932cf5b72b24,,,,,,,,,,,,,,en,,,,,,,PhysicalObject,,,"[{""coreid"": ""5A45FC36-D1A0-4ED6-80AA-CA51938A98C9"", ""dwc:relatedResourceID"": ""urn:catalog:USF:Herb:134908"", ""dwc:relationshipOfResource"": ""sameAs""}]",,,,,,,,,,PreservedSpecimen,,,134908,,,Herb,,,,,USA,,Pasco Co.,,,,Mar 1986,11,30.7,-85.0667,,,,,,,,,,1974-09-11,,,,Poaceae,,,,,,,,Sorghastrum,,,,,,,,,,Unimproved pasture.,Plantae | Monocots | Poaceae,USA | Florida | Pasco Co.,,,70460,,,,,S. L. Hatch,,,,,USF,urn:lsid:biocol.org:col:15638,,,Plantae,,,,,,,,,"Cypress Creek Flood Detention Area and Well Field, W of I-75.",,,,,,,,,,,,9,Cypress Creek Flood Detention Area and Well Field,,,,,ICN,,,5A45FC36-D1A0-4ED6-80AA-CA51938A98C9,,,,,,,,,,,,,Monocots,,,,s.n.,T. F. Rochow,,,,,Fertile,,,,,,Sorghastrum secundum,(Elliott) Nash,,,secundum,,Florida,,,,species,,,,,,,,,,,W of I-75.,,,,,,1974,,,,,,,,,,,,
dbb5a776-739e-4796-b825-7cffd0d4d12c,,,,,,,,,,,,,,en,,,,,,,PhysicalObject,,,"[{""coreid"": ""E032BDF6-53B5-4748-BDF5-9076C04ABD8B"", ""dwc:relatedResourceID"": ""urn:catalog:USF:Herb:132728"", ""dwc:relationshipOfResource"": ""sameAs""}]",,,,,,,,,,PreservedSpecimen,,,132728,,,Herb,,,,,USA,,Hillsborough Co.,,,,Mar 1986,26,28,-82,,"{""habit"":""50 cm tall; common; herb.""}",,,,,,,,1977-09-26,,,,Poaceae,,,,,,,,Sorghastrum,,,,,,,,,,Oak - pine woodland.,Plantae | Monocots | Poaceae,USA | Florida | Hillsborough Co.,,,70481,,,,,S. L. Hatch,,,,,USF,urn:lsid:biocol.org:col:15638,,,Plantae,,,,,,,,,University of South Florida Ecological Research Area,,,,,,,,,,,,9,University of South Florida Ecological Research Area,,,,,ICN,,,E032BDF6-53B5-4748-BDF5-9076C04ABD8B,,,,,,,,,,,,,Monocots,,,,116,R. Rose,,,,,Fertile,,,,,,Sorghastrum secundum,(Elliott) Nash,,,secundum,,Florida,,,,species,,,,,,,,,,,,,,,,,1977,,,,,,,,,,,,
46448df5-7b23-4b01-820e-12e00ae6a966,,,,,,,,,,,,,,en,,,,,,,PhysicalObject,,,"[{""coreid"": ""DA55B246-AEEA-4FB3-AD87-BBB150184F7A"", ""dwc:relatedResourceID"": ""urn:catalog:USF:Herb:253053"", ""dwc:relationshipOfResource"": ""sameAs""}]",,,,,,,,,,PreservedSpecimen,,,253053,,,Herb,,,,,USA,,Polk Co.,,,,,26,28.2939,-82.0436,,"{""habit"":""Culms erect to ascending, to 2 m tall.""}",,,,,,,,2008-09-26,,,,Poaceae,,,,,,,,Sorghastrum,,,,,,,,,,Mesic flatwoods.,Plantae | Monocots | Poaceae,USA | Florida | Polk Co.,,,71388,,,,,,,,,,USF,urn:lsid:biocol.org:col:15638,,,Plantae,,,,,,,,,"Colt Creek State Park, Ca. 2.5 km SSE of FL 471 bridge over the Withlacoochee River, ca. 5.1 km NNE of the junction of FL 471 and US 98.",,,,,,,,,,,,9,Colt Creek State Park,,,,,ICN,,,DA55B246-AEEA-4FB3-AD87-BBB150184F7A,,,,,,,,,,,,,Monocots,,,,2565,"J. M. Kunzer, G. Dauphin, C. Eckert",,,,,Fertile,,,,,,Sorghastrum secundum,(Elliott) Nash,,,secundum,,Florida,,,,species,,,,,,,,,,,"Ca. 2.5 km SSE of FL 471 bridge over the Withlacoochee River, ca. 5.1 km NNE of the junction of FL 471 and US 98.",,,,,,2008,,,,,,,,,,,,
096d38e6-f7aa-4079-b114-5b47a1854a0c,,,,,,,,,,,,,,en,,,,,,,PhysicalObject,,,"[{""coreid"": ""F2AFCE43-EEFC-4F5E-91E2-97193980D7E2"", ""dwc:relatedResourceID"": ""urn:catalog:USF:Herb:248891"", ""dwc:relationshipOfResource"": ""sameAs""}]",,,,,,,,,,PreservedSpecimen,,,248891,,,Herb,,,,,USA,,Charlotte Co.,,,,,18,26.9167,-81.9167,,,,,,,,,,2007-10-18,,,,Poaceae,,,,,,,,Sorghastrum,,,,,,,,,,Mesic flatwoods.,Plantae | Monocots | Poaceae,USA | Florida | Charlotte Co.,,,70475,,,,,,,,,,USF,urn:lsid:biocol.org:col:15638,,,Plantae,,,,,,,,,"Charlotte Harbor Preserve State Park, Sargassum scrub, E of scrub. T42S, R21E, Sec. 9, SE¼ of NW¼ of NE¼.",,,,,,,,,,,,10,Charlotte Harbor Preserve State Park,,,,,ICN,,,F2AFCE43-EEFC-4F5E-91E2-97193980D7E2,,,,,,,,,,,,,Monocots,,,,CH0028,E. Gandy,,,,,Fertile,,,,,,Sorghastrum secundum,(Elliott) Nash,,,secundum,,Florida,,,,species,,,,,,,,,,,"Sargassum scrub, E of scrub. T42S, R21E, Sec. 9, SE¼ of NW¼ of NE¼.",,,,,,2007,,,,,,,,,,,,
51d325bb-9505-4cd0-940b-2d7bda700d3a,,,,,,,,,,,,,,en,,,,,,,PhysicalObject,,,"[{""coreid"": ""42B7AEDE-231F-4030-8128-362E5F36F72F"", ""dwc:relatedResourceID"": ""urn:catalog:USF:Herb:682"", ""dwc:relationshipOfResource"": ""sameAs""}]",,,,,,,,,,PreservedSpecimen,,,682,,,Herb,,,,,USA,,Walton Co.,,,,Mar 1986,02,,,,"{""habit"":""Common.""}",,,,,,,,1950-10-02,,,,Poaceae,,,,,,,,Sorghastrum,,,,,,,,,,Longleaf pine [Pinus palustris] - scrub oak with sandy soil.,Plantae | Monocots | Poaceae,USA | Florida | Walton Co.,,,70424,,,,,S. L. Hatch,,,,,USF,urn:lsid:biocol.org:col:15638,,,Plantae,,,,,,,,,"From the fork of the road between C-217 and C-219. T1S, R21W, Sec. 5.",,,,,,,,,,,,10,,,,,,ICN,,,42B7AEDE-231F-4030-8128-362E5F36F72F,,,,,,,,,,,,,Monocots,,,,442,E. L. Tyson,,,,,Fertile,,,,,,Sorghastrum secundum,(Elliott) Nash,,,secundum,,Florida,,,,species,,,,,,,,,,,"From the fork of the road between C-217 and C-219. T1S, R21W, Sec. 5.",,,,,,1950,,,,,,,,,,,,
26e5b04e-26bd-4770-8563-be1713c28ff4,,,,,,,,,,,,,,en,,,,,,,PhysicalObject,,,"[{""coreid"": ""DC404543-9D37-45D5-9CE3-56C495B5C694"", ""dwc:relatedResourceID"": ""urn:catalog:USF:Herb:80454"", ""dwc:relationshipOfResource"": ""sameAs""}]",,,,,,,,,,PreservedSpecimen,,,80454,,,Herb,,,,,USA,,Lake Co.,,,,Mar 1986,04,28.8108,-81.8779,,"{""habit"":""Flowers yellow and red; 1.5 m high; frequent.""}",,,,,,,,1966-10-04,,,,Poaceae,,,,,,,,Sorghastrum,,,,,,,,,,Dry sand in oak woods.,Plantae | Monocots | Poaceae,USA | Florida | Lake Co.,,,70464,,,,,S. L. Hatch,,,,,USF,urn:lsid:biocol.org:col:15638,,,Plantae,,,,,,,,,"0.5 mi. W of the Leesburg city limits on FL 44. T19S, R24E, Sec. 29.",,,,,,,,,,,,10,,,,,,ICN,,,DC404543-9D37-45D5-9CE3-56C495B5C694,,,,,,,,,,,,,Monocots,,,,1568,J. Beckner,,,,,Fertile,,,,,,Sorghastrum secundum,(Elliott) Nash,,,secundum,,Florida,,,,species,,,,,,,,,,,"0.5 mi. W of the Leesburg city limits on FL 44. T19S, R24E, Sec. 29.",,,,,,1966,,,,,,,,,,,,
d65921cd-6146-468f-bae0-54e1c8fc6a3b,,,,,,,,,,,,,,en,,,,,,,PhysicalObject,,,"[{""coreid"": ""A354B32E-F85F-4347-BCA3-9DCC41CE7CE7"", ""dwc:relatedResourceID"": ""urn:catalog:USF:Herb:239681"", ""dwc:relationshipOfResource"": ""sameAs""}]",,,,,,,,,,PreservedSpecimen,,,239681,,,Herb,,,,,USA,,Clay Co.,,,,,08,27.9263,-82.5149,,"{""habit"":""Cespitose grass; abundant.""}",,,,,,,,2004-10-08,,,,Poaceae,,,,,,,,Sorghastrum,,,,,,,,,,Relatively undisturbed sandhill with interrupted (discontinued) fire cycle; sporadic residences nearby.,Plantae | Monocots | Poaceae,USA | Florida | Clay Co.,,,70445,,,,,,,,,,USF,urn:lsid:biocol.org:col:15638,,,Plantae,,,,,,,,,"Ca. 3.5 mi. ENE of the FL 100 and FL 21 junction, ca 0.25 mi. SSE of Silver Sands Lake (Ten Mile Pond), N side of Overlook Terrace, E of Silver Sands Lake Drive. T8S, R23E, Sec. 14, SW¼.",,,,,,,,,,,,10,,,,,,ICN,,,A354B32E-F85F-4347-BCA3-9DCC41CE7CE7,,,,,,,,,,,,,Monocots,,,,715,J. M. Kunzer,,,,,Fertile,,,,,,Sorghastrum secundum,(Elliott) Nash,,,secundum,,Florida,,,,species,,,,,,,,,,,"Ca. 3.5 mi. ENE of the FL 100 and FL 21 junction, ca 0.25 mi. SSE of Silver Sands Lake (Ten Mile Pond), N side of Overlook Terrace, E of Silver Sands Lake Drive. T8S, R23E, Sec. 14, SW¼.",,,,,,2004,,,,,,,,,,,,
39b47137-109e-46fb-b235-819f9b2fc908,,,,,,,,,,,,,,en,,,,,,,PhysicalObject,,,"[{""coreid"": ""A5E92053-E8C6-42BF-A0DC-994D8959B924"", ""dwc:relatedResourceID"": ""urn:catalog:USF:Herb:146654"", ""dwc:relationshipOfResource"": ""sameAs""}]",,,,,,,,,,PreservedSpecimen,,,146654,,,Herb,,,,,USA,,Hillsborough Co.,,,,Mar 1986,26,27.9167,-82.35,,,,,,,,,,1977-09-26,,,,Poaceae,,,,,,,,Sorghastrum,,,,,,,,,,,Plantae | Monocots | Poaceae,USA | Florida | Hillsborough Co.,,,70470,,,,,S. L. Hatch,,,,,USF,urn:lsid:biocol.org:col:15638,,,Plantae,,,,,,,,,"Hillsborough River State Park, 20 mi. NE of Tampa on US 301 (T27, R21E, Sec. 7, 8, 9).",,,,,,,,,,,,9,Hillsborough River State Park,,,,,ICN,,,A5E92053-E8C6-42BF-A0DC-994D8959B924,,,,,,,,,,,,,Monocots,,,,555,A. N. Arcuri,,,,,Fertile,,,,,,Sorghastrum secundum,(Elliott) Nash,,,secundum,,Florida,,,,species,,,,,,,,,,,"20 mi. NE of Tampa on US 301 (T27, R21E, Sec. 7, 8, 9).",,,,,,1977,,,,,,,,,,,,
786ca068-f900-4307-a50d-eee8dd00d529,,,,,,,,,,,,,,en,,,,,,,PhysicalObject,,,"[{""coreid"": ""5CBAE213-80C7-4700-B9EC-E2074512C603"", ""dwc:relatedResourceID"": ""urn:catalog:USF:Herb:272104"", ""dwc:relationshipOfResource"": ""sameAs""}]",,,,,,,,,,PreservedSpecimen,,,272104,,,Herb,,,,,USA,,Highlands Co.,,,,,16,,,,,,,,,,,,2012-10-16,,,,Poaceae,,,,,,,,Sorghastrum,,,,,,,,,,Along sand road near drainage through scrub that looks like overgrown mesic flatwoods; mesic to scrubby flatwoods.,Plantae | Monocots | Poaceae,USA | Florida | Highlands Co.,,,151022,,,,,,,,,,USF,urn:lsid:biocol.org:col:15638,,,Plantae,,,,,,,,,"Lake June-in-Winter Scrub State Park, T3S, R29E, Sec. 28, SW¼ of SW¼ of SE¼.",,,,,,,,,,,,10,Lake June-in-Winter Scrub State Park,,,,,ICN,,,5CBAE213-80C7-4700-B9EC-E2074512C603,,,,,,,,,,,,,Monocots,,,,LJ0202,C. Becker,,,,,Fertile,,,,,,Sorghastrum secundum,(Elliott) Nash,,,secundum,,Florida,,,,species,,,,,,,,,,,"T3S, R29E, Sec. 28, SW¼ of SW¼ of SE¼.",,,,,,2012,,,,,,,,,,,,
7bc81692-0c4c-4de0-a2f2-a5a5d78178a9,,,,,,,,,,,,,,en,,,,,,,PhysicalObject,,,"[{""coreid"": ""39498B0D-F49E-42C1-83D8-A51183D51BC5"", ""dwc:relatedResourceID"": ""urn:catalog:USF:Herb:281902"", ""dwc:relationshipOfResource"": ""sameAs""}]",,,,,,,,,,PreservedSpecimen,,,281902,,,Herb,,,,,USA,,Hillsborough Co.,,,,,01,28.1597,-82.6397,,,,,,,,,,2015-10-01,,,,Poaceae,,,,,,,,Sorghastrum,,,,,,,,,,Wet flatwoods.,Plantae | Monocots | Poaceae,USA | Florida | Hillsborough Co.,,,177267,,,,,,,,,,USF,urn:lsid:biocol.org:col:15638,,,Plantae,,,,,,,,,"Lake Dan Nature Preserve; 1.5 km S of the Pasco County line, 1.1 km E of the Pinellas County line, 2 km N of FL 582, Odessa.",,,,,,,,,,,,10,,,,,,ICN,,,39498B0D-F49E-42C1-83D8-A51183D51BC5,,,,,,,,,,,,,Monocots,,,,115,A. Farid,,,,,Fertile,,,,,,Sorghastrum secundum,(Elliott) Nash,,,secundum,,Florida,,,,species,,,,,,,,,,,"Lake Dan Nature Preserve; 1.5 km S of the Pasco County line, 1.1 km E of the Pinellas County line, 2 km N of FL 582, Odessa.",,,,,,2015,,,,,,,,,,,,
c22cb1cd-cbec-49e2-875d-a97b4222ce39,,,,,,,,,,,,,,en,,,,,,,PhysicalObject,,,"[{""coreid"": ""D82F364E-1EA5-4C91-B5A5-0C277994F0C8"", ""dwc:relatedResourceID"": ""urn:catalog:USF:Herb:199518"", ""dwc:relationshipOfResource"": ""sameAs""}]",,,,,,,,,,PreservedSpecimen,,,199518,,,Herb,,,,,USA,,Camden Co.,,,,Oct 1987,26,,,,"{""habit"":""Occasional clumped grass 5-6 ft. tall; spikelets secund.""}",,,,,,,,1987-10-26,,,,Poaceae,,,,,,,,Sorghastrum,,,,,,,,,,Pine/oak woodland; sandy soil.,Plantae | Monocots | Poaceae,USA | Georgia | Camden Co.,,,181890,,,,,S. R. Hill,,,,,USF,urn:lsid:biocol.org:col:15638,,,Plantae,,,,,,,,,"Route 40, 3.0 mi. E of Route 95, St. Marys; roadside.",,,,,,,,,,,,10,,,,,,ICN,,,D82F364E-1EA5-4C91-B5A5-0C277994F0C8,,,,,,,,,,,,,Monocots,,,,18988,S. R. Hill,,,,,Fertile,,,,,,Sorghastrum secundum,(Elliott) Nash,,,secundum,,Georgia,,,,species,,,,,,,,,,,"Route 40, 3.0 mi. E of Route 95, St. Marys; roadside.",,,,,,1987,,,,,,,,,,,,
98115177-8321-4fb7-99df-d1147bdec02b,,,,,,,,,,,,,,en,,,,,,,PhysicalObject,,,"[{""coreid"": ""8CBBBBCC-5A0B-4CD1-BDB5-D68FD7E4827D"", ""dwc:relatedResourceID"": ""urn:catalog:USF:Herb:295505"", ""dwc:relationshipOfResource"": ""sameAs""}]",,,,,,,,,,PreservedSpecimen,,,295505,,,Herb,,,,,USA,,Hillsborough Co.,,,,,23,28.1333,-82.3933,,,,,,,,,,2017-09-23,,,,Poaceae,,,,,,,,Sorghastrum,,,,,,,,,,Flatwoods.,Plantae | Monocots | Poaceae,USA | Florida | Hillsborough Co.,,,250663,,,,,,,,,,USF,urn:lsid:biocol.org:col:15638,,,Plantae,,,,,,,,,Cypress Creek Preserve.,,,,,,,,,,,,9,,,,,,ICN,,,8CBBBBCC-5A0B-4CD1-BDB5-D68FD7E4827D,,,,,,,,,,,,,Monocots,,,,855,J. R. Campbell,,,,,Fertile,,,,,,Sorghastrum secundum,(Elliott) Nash,,,secundum,,Florida,,,,species,,,,,,,,,,,Cypress Creek Preserve.,,,,,,2017,,,,,,,,,,,,
f3b7e780-ea92-48bf-bb4d-0202604a6721,,,,,,,,,,,,,,en,,,,,,,PhysicalObject,,,"[{""coreid"": ""509733B9-7062-425B-8FB9-BF51F60AFAB6"", ""dwc:relatedResourceID"": ""urn:catalog:USF:Herb:136752"", ""dwc:relationshipOfResource"": ""sameAs""}]",,,,,,,,,,PreservedSpecimen,,,136752,,,Herb,,,,,USA,,Highlands Co.,,,,Mar 1986,08,,,,,,,,,,,,1978-10-08,,,,Poaceae,,,,,,,,Sorghastrum,,,,,,,,,,"Slightly disturbed areas in white sand scrub with some weediness; associates with Balduina angustifolia, Amphicarpum muhlenbergianum, Sisyrinchium solstitiale [S. xerophyllum], etc.",Plantae | Monocots | Poaceae,USA | Florida | Highlands Co.,,,70404,,,,,S. L. Hatch,,,,,USF,urn:lsid:biocol.org:col:15638,,,Plantae,,,,,,,,,"2.75 mi. N of FL 70 on Placid View Road, 3.5 mi. SSE of Lake Placid. T37S, R29E, Sec. 23, SW¼ of NE¼.",,,,,,,,,,,,10,,,,,,ICN,,,509733B9-7062-425B-8FB9-BF51F60AFAB6,,,,,,,,,,,,,Monocots,,,,4831,"B. F. Hansen, J. Hansen",,,,,Fertile,,,,,,Sorghastrum secundum,(Elliott) Nash,,,secundum,,Florida,,,,species,,,,,,,,,,,"2.75 mi. N of FL 70 on Placid View Road, 3.5 mi. SSE of Lake Placid. T37S, R29E, Sec. 23, SW¼ of NE¼.",,,,,,1978,,,,,,,,,,,,
73b4a9f9-cd51-4ad2-8f60-81c74222df56,,,,,,,,,,,,,,en,,,,,,,PhysicalObject,,,"[{""coreid"": ""CFB4340F-0B89-4B26-BC01-6D625D1059B2"", ""dwc:relatedResourceID"": ""urn:catalog:USF:Herb:224146"", ""dwc:relationshipOfResource"": ""sameAs""}]",,,,,,,,,,PreservedSpecimen,,,224146,,,Herb,,,,,USA,,Manatee Co.,,,,,09,,,,"{""habit"":""Spikelets 1.3 - 1.8 mm wide.""}",,,,,,,,1997-10-09,,,,Poaceae,,,,,,,,Sorghastrum,,,,,,,,,,,Plantae | Monocots | Poaceae,USA | Florida | Manatee Co.,,,70492,,,,,,,,,,USF,urn:lsid:biocol.org:col:15638,,,Plantae,,,,,,,,,"Wingate Creek State Preserve, T35S, R22E, Sec. 7, NE¼ of SE¼ of NW¼.",,,,,,,,,,,,10,Wingate Creek State Preserve,,,,,ICN,,,CFB4340F-0B89-4B26-BC01-6D625D1059B2,,,,,,,,,,,,,Monocots,,,,WC0343,C. Becker,,,,,Fertile,,,,,,Sorghastrum secundum,(Elliott) Nash,,,secundum,,Florida,,,,species,,,,,,,,,,,"T35S, R22E, Sec. 7, NE¼ of SE¼ of NW¼.",,,,,,1997,,,,,,,,,,,,
f333b55f-bc85-41c3-995f-724a5dc53265,,,,,,,,,,,,,,en,,,,,,,PhysicalObject,,,"[{""coreid"": ""49DDED46-3D7C-47CD-9198-C312A09DDFA4"", ""dwc:relatedResourceID"": ""urn:catalog:USF:Herb:222786"", ""dwc:relationshipOfResource"": ""sameAs""}]",,,,,,,,,,PreservedSpecimen,,,222786,,,Herb,,,,,USA,,Bay Co.,,,,,14,30.0964,-85.4033,,,,,,,,,,1991-09-14,,,,Poaceae,,,,,,,,Sorghastrum,,,,,,,,,,"Cutover sandhill woodland, in powerline right-of-way.",Plantae | Monocots | Poaceae,USA | Florida | Bay Co.,,,70595,,,,,,,,,,USF,urn:lsid:biocol.org:col:15638,,,Plantae,,,,,,,,,"Just NW of crossing of Little Sandy Creek, ca. 0.8 mi. upstream from mouth at Sandy Creek, ca. 6.7 air mi. NE of Farmdale. T4S, R12W, Sec. 36, SE¼ of NW¼ of NW¼.",,,,,,,,,,,,9,,,,,,ICN,,,49DDED46-3D7C-47CD-9198-C312A09DDFA4,,,,,,,,,,,,,Monocots,,,,18321,"S. L. Orzell, E.L. Bridges",,,,,Fertile,,,,,,Sorghastrum secundum,(Elliott) Nash,,,secundum,,Florida,,,,species,,,,,,,13-20 ft,,,,"Just NW of crossing of Little Sandy Creek, ca. 0.8 mi. upstream from mouth at Sandy Creek, ca. 6.7 air mi. NE of Farmdale. T4S, R12W, Sec. 36, SE¼ of NW¼ of NW¼.",,,,,,1991,,,,,,,,,,,,
7ad3ed9c-a0d9-408e-acd7-9b25b5c502e9,,,,,,,,,,,,,,en,,,,,,,PhysicalObject,,,"[{""coreid"": ""F8E7DBCB-D4DE-4685-995D-ABC5366FFAC9"", ""dwc:relatedResourceID"": ""urn:catalog:USF:Herb:115851"", ""dwc:relationshipOfResource"": ""sameAs""}]",,,,,,,,,,PreservedSpecimen,,,115851,,,Herb,,,,,USA,,Hillsborough Co.,,,,Mar 1986,17,28,-82,,,,,,,,,,1974-10-17,,,,Poaceae,,,,,,,,Sorghastrum,,,,,,,,,,,Plantae | Monocots | Poaceae,USA | Florida | Hillsborough Co.,,,70456,,,,,S. L. Hatch,,,,,USF,urn:lsid:biocol.org:col:15638,,,Plantae,,,,,,,,,University of South Florida Ecological Research Area.,,,,,,,,,,,,10,,,,,,ICN,,,F8E7DBCB-D4DE-4685-995D-ABC5366FFAC9,,,,,,,,,,,,,Monocots,,,,14,"R. A. Hilsenbeck, D. Schweinter",,,,,Fertile,,,,,,Sorghastrum secundum,(Elliott) Nash,,,secundum,,Florida,,,,species,,,,,,,,,,,University of South Florida Ecological Research Area.,,,,,,1974,,,,,,,,,,,,
5b61600c-321d-41ef-a865-d666e377f938,,,,,,,,,,,,,,en,,,,,,,PhysicalObject,,,"[{""coreid"": ""E6A6E587-DB8B-4DCD-9FCA-D711832ADA97"", ""dwc:relatedResourceID"": ""urn:catalog:USF:Herb:297730"", ""dwc:relationshipOfResource"": ""sameAs""}]",,,,,,,,,,PreservedSpecimen,,,297730,,,Herb,,,,,USA,,Polk Co.,,,,2018,28,,,,,,,,,,,,1986-09-28,,,,Poaceae,,,,,,,,Sorghastrum,,,,,,,,,,,Plantae | Monocots | Poaceae,USA | Florida | Polk Co.,,,295856,,,,,C. vanHoek,,,,,USF,urn:lsid:biocol.org:col:15638,,,Plantae,,,,,,,,,Green Swamp.,,,,,,,,,,,,9,,,,,,ICN,,,E6A6E587-DB8B-4DCD-9FCA-D711832ADA97,,,,,,,,,,,,,Monocots,,,,s.n.,M. L. Gilbert,,,,,Fertile,,,,,,Sorghastrum secundum,(Elliott) Nash,,,secundum,,Florida,,,,species,,,,,,,,,,,Green Swamp.,,,,,,1986,,,,,,,,,,,,
2e808c66-73fa-4a13-abc6-9e65fca3319e,,,,,,,,,,,,,,en,,,,,,,PhysicalObject,,,"[{""coreid"": ""5ADAC731-9BC1-41D2-87F0-77C7005B8824"", ""dwc:relatedResourceID"": ""urn:catalog:USF:Herb:297736"", ""dwc:relationshipOfResource"": ""sameAs""}]",,,,,,,,,,PreservedSpecimen,,,297736,,,Herb,,,,,USA,,Seminole Co.,,,,2018,10,,,,,,,,,,,,1953-11-10,,,,Poaceae,,,,,,,,Sorghastrum,,,,,,,,,,Open field.,Plantae | Monocots | Poaceae,USA | Florida | Seminole Co.,,,295325,,,,,C. vanHoek,,,,,USF,urn:lsid:biocol.org:col:15638,,,Plantae,,,,,,,,,"Near home, Altamonte Springs.",,,,,,,,,,,,11,,,,,,ICN,,,5ADAC731-9BC1-41D2-87F0-77C7005B8824,,,,,,,,,,,,,Monocots,,,,19867,P. O. Schallert,,,,,Fertile,,,,,,Sorghastrum secundum,(Elliott) Nash,,,secundum,,Florida,,,,species,,,,,,,,,,,"Near home, Altamonte Springs.",,,,,,1953,,,,,,,,,,,,
7a399c38-6ef1-4cb5-89ce-a692aa005fac,,,,,,,,,,,,,,en,,,,,,,PhysicalObject,,,"[{""coreid"": ""CFCAC78F-9971-46DD-A060-E74273B4E2CD"", ""dwc:relatedResourceID"": ""urn:catalog:USF:Herb:297731"", ""dwc:relationshipOfResource"": ""sameAs""}]",,,,,,,,,,PreservedSpecimen,,,297731,,,Herb,,,,,USA,,Polk Co.,,,,2018,28,,,,,,,,,,,,1986-09-28,,,,Poaceae,,,,,,,,Sorghastrum,,,,,,,,,,Pines above swamp.,Plantae | Monocots | Poaceae,USA | Florida | Polk Co.,,,295858,,,,,C. vanHoek,,,,,USF,urn:lsid:biocol.org:col:15638,,,Plantae,,,,,,,,,Green Swamp.,,,,,,,,,,,,9,,,,,,ICN,,,CFCAC78F-9971-46DD-A060-E74273B4E2CD,,,,,,,,,,,,,Monocots,,,,s.n.,M. L. Gilbert,,,,,Fertile,,,,,,Sorghastrum secundum,(Elliott) Nash,,,secundum,,Florida,,,,species,,,,,,,,,,,Green Swamp.,,,,,,1986,,,,,,,,,,,,
1175cf7d-6551-4209-a351-f43f512d03c0,,,,,,,,,,,,,,en,,,,,,,PhysicalObject,,,"[{""coreid"": ""01DA97F4-5B5F-4FD5-993E-57533DBB328A"", ""dwc:relatedResourceID"": ""urn:catalog:USF:Herb:235363"", ""dwc:relationshipOfResource"": ""sameAs""}]",,,,,,,,,,PreservedSpecimen,,,235363,,,Herb,,,,,USA,,Citrus Co.,,,,,20,,,,,,,,,,,,1999-10-20,,,,Poaceae,,,,,,,,Sorghastrum,,,,,,,,,,Sandhill; growing with Sorghastrum nutans.,Plantae | Monocots | Poaceae,USA | Florida | Citrus Co.,,,70446,,,,,,,,,,USF,urn:lsid:biocol.org:col:15638,,,Plantae,,,,,,,,,"Fort Cooper State Park, N part of the park. T19S, R20E, Sec. 28, NW¼ of NE¼.",,,,,,,,,,,,10,Fort Cooper State Park,,,,,ICN,,,01DA97F4-5B5F-4FD5-993E-57533DBB328A,,,,,,,,,,,,,Monocots,,,,FC0009,R. A. Hattaway,,,,,Fertile,,,,,,Sorghastrum secundum,(Elliott) Nash,,,secundum,,Florida,,,,species,,,,,,,,,,,"N part of the park. T19S, R20E, Sec. 28, NW¼ of NE¼.",,,,,,1999,,,,,,,,,,,,
e3e3db0e-fbf5-4c29-a7be-5fbf2d2948a9,,,,,,,,,,,,,,en,,,,,,,PhysicalObject,,,"[{""coreid"": ""69EB523A-46BC-41D4-86E7-E866C53134DA"", ""dwc:relatedResourceID"": ""urn:catalog:USF:Herb:132506"", ""dwc:relationshipOfResource"": ""sameAs""}]",,,,,,,,,,PreservedSpecimen,,,132506,,,Herb,,,,,USA,,Hillsborough Co.,,,,Mar 1986,29,28,-82,,"{""habit"":""1.5–2 m tall; tan-reddish seeds.""}",,,,,,,,1977-09-29,,,,Poaceae,,,,,,,,Sorghastrum,,,,,,,,,,Sandy soil.,Plantae | Monocots | Poaceae,USA | Florida | Hillsborough Co.,,,70605,,,,,S. L. Hatch,,,,,USF,urn:lsid:biocol.org:col:15638,,,Plantae,,,,,,,,,University of South Florida Ecology Preserve.,,,,,,,,,,,,9,,,,,,ICN,,,69EB523A-46BC-41D4-86E7-E866C53134DA,,,,,,,,,,,,,Monocots,,,,126,B. Massetti,,,,,Fertile,,,,,,Sorghastrum secundum,(Elliott) Nash,,,secundum,,Florida,,,,species,,,,,,,,,,,University of South Florida Ecology Preserve.,,,,,,1977,,,,,,,,,,,,
